id,nombre,apellido,email,sexo,direccion,pais,fecha_ingreso,fecha_nacimiento
1,Andrew,Garrett,agarrett0@shop-pro.jp,Male,97 Heffernan Pass,Belarus,2016-03-26,1997-06-24
2,Mildred,Ferguson,mferguson1@cnet.com,Female,48 Hooker Circle,Comoros,2012-03-12,1998-08-25
3,Cheryl,Kelly,ckelly2@vkontakte.ru,Female,06709 Crowley Way,Philippines,2010-06-27,1998-12-02
4,Jeffrey,Olson,jolson3@photobucket.com,Male,35 Menomonie Parkway,China,2013-01-29,1994-06-13
5,Susan,Anderson,sanderson4@t-online.de,Female,1 La Follette Parkway,China,2006-04-30,1998-03-16
6,Clarence,Murray,cmurray5@toplist.cz,Male,8923 Gerald Trail,Guatemala,2012-10-26,1999-02-12
7,Edward,Gray,egray6@cam.ac.uk,Male,784 Sycamore Place,Russia,2015-10-02,1991-09-08
8,John,Lewis,jlewis7@un.org,Male,186 Dovetail Center,Finland,2001-07-18,1996-01-23
9,Donald,Wallace,dwallace8@360.cn,Male,0733 Valley Edge Road,Portugal,2002-01-04,1994-12-31
10,Ruby,Hunter,rhunter9@icq.com,Female,7 Hagan Circle,Greece,2010-02-06,1993-08-26
11,Wanda,Gordon,wgordona@wiley.com,Female,50179 Tony Road,Russia,2004-09-05,1997-06-08
12,Janice,Lee,jleeb@china.com.cn,Female,76 Fisk Pass,Syria,2015-04-03,1992-08-11
13,John,Vasquez,jvasquezc@cnet.com,Male,8855 Mesta Lane,Indonesia,2004-11-09,1994-08-14
14,Louis,Moore,lmoored@etsy.com,Male,8587 Crescent Oaks Place,Venezuela,2003-12-25,1997-05-19
15,Beverly,Campbell,bcampbelle@ox.ac.uk,Female,721 Laurel Trail,Morocco,2005-05-31,1998-03-05
16,Ruth,Burton,rburtonf@exblog.jp,Female,27 Crownhardt Pass,China,2002-01-23,1992-10-03
17,Henry,Carpenter,hcarpenterg@smh.com.au,Male,026 Del Sol Street,Peru,2007-12-18,1999-06-15
18,Donna,Kennedy,dkennedyh@e-recht24.de,Female,0 Moose Center,Poland,2003-03-05,1999-04-11
19,Jennifer,Howell,jhowelli@cam.ac.uk,Female,7 Michigan Point,Macedonia,2003-09-04,1991-12-04
20,Christine,Dixon,cdixonj@hostgator.com,Female,1829 Eagan Point,Philippines,2008-10-15,1997-04-24
21,Jerry,Bell,jbellk@parallels.com,Male,14620 Badeau Plaza,Venezuela,2015-06-08,1997-07-13
22,Ryan,Wheeler,rwheelerl@ow.ly,Male,4 Jenna Lane,Indonesia,2014-04-19,1993-05-14
23,Jeremy,Gibson,jgibsonm@jiathis.com,Male,2 Swallow Way,Philippines,2002-01-26,1995-08-23
24,Kelly,Hill,khilln@vimeo.com,Female,07430 Washington Parkway,El Salvador,2016-07-24,1997-10-11
25,Christina,Burton,cburtono@cmu.edu,Female,9077 Declaration Hill,Papua New Guinea,2008-07-21,1995-11-15
26,Clarence,Austin,caustinp@comcast.net,Male,16 Sutteridge Alley,Brazil,2015-03-19,1998-02-19
27,Eric,Rose,eroseq@constantcontact.com,Male,98840 Mcguire Lane,Ukraine,2013-01-15,1994-07-02
28,Kelly,Burns,kburnsr@microsoft.com,Female,3556 Westport Street,Philippines,2005-04-16,1998-07-05
29,Lois,Murphy,lmurphys@vimeo.com,Female,80268 Eastwood Park,China,2001-10-21,1995-10-08
30,Rose,Richardson,rrichardsont@devhub.com,Female,37686 Crescent Oaks Hill,Russia,2009-01-09,1991-02-14
31,Amy,Mitchell,amitchellu@goodreads.com,Female,22 Birchwood Terrace,Russia,2006-08-19,1999-05-21
32,Ruth,Lewis,rlewisv@creativecommons.org,Female,94 Nelson Drive,Russia,2010-07-23,1994-08-10
33,Juan,White,jwhitew@bizjournals.com,Male,101 Elgar Pass,Nicaragua,2013-10-09,1998-01-06
34,Debra,Freeman,dfreemanx@symantec.com,Female,35335 Northridge Park,China,2014-10-31,1995-04-12
35,Susan,Woods,swoodsy@msn.com,Female,5 Londonderry Place,China,2012-02-04,1998-10-19
36,Catherine,Franklin,cfranklinz@typepad.com,Female,4492 Florence Trail,China,2015-06-29,1995-01-11
37,Melissa,Lopez,mlopez10@ocn.ne.jp,Female,09297 Brown Drive,Bolivia,2009-11-05,1996-03-10
38,Elizabeth,Hayes,ehayes11@skype.com,Female,1 Raven Parkway,China,2009-01-30,1994-10-24
39,Larry,Mcdonald,lmcdonald12@mit.edu,Male,24874 Cody Way,Indonesia,2010-05-26,1994-04-07
40,Betty,Stewart,bstewart13@deliciousdays.com,Female,0175 Clarendon Circle,Sweden,2001-05-30,1991-10-02
41,Margaret,Matthews,mmatthews14@4shared.com,Female,22834 Bluejay Junction,Greece,2004-08-30,1993-06-28
42,Johnny,Phillips,jphillips15@xrea.com,Male,74 Westport Lane,China,2005-11-28,1991-11-17
43,Elizabeth,Carpenter,ecarpenter16@zdnet.com,Female,1 Ruskin Circle,Brazil,2004-10-15,1995-08-02
44,Harold,Ramos,hramos17@sphinn.com,Male,46 Pleasure Avenue,Armenia,2003-12-27,1993-01-22
45,Andrew,Simpson,asimpson18@mysql.com,Male,7728 Hooker Drive,Cape Verde,2005-08-24,1992-06-06
46,Gregory,Cox,gcox19@biglobe.ne.jp,Male,78 Burning Wood Alley,Papua New Guinea,2002-01-26,1999-02-28
47,Linda,Fernandez,lfernandez1a@home.pl,Female,478 Westend Terrace,Philippines,2011-05-29,1997-04-28
48,Billy,Mason,bmason1b@simplemachines.org,Male,1322 Shelley Terrace,Czech Republic,2009-07-06,1991-08-01
49,Gary,George,ggeorge1c@mail.ru,Male,41 Hagan Drive,Poland,2007-05-17,1992-08-12
50,Benjamin,Webb,bwebb1d@ucoz.ru,Male,478 Dunning Crossing,Russia,2009-05-31,1992-07-11
51,Fred,Dixon,fdixon1e@blogspot.com,Male,0187 Mayfield Court,Palestinian Territory,2013-05-06,1996-02-08
52,Mary,Watkins,mwatkins1f@netscape.com,Female,4633 Oakridge Point,Slovenia,2002-09-15,1998-09-25
53,Lisa,Cook,lcook1g@thetimes.co.uk,Female,38631 Corben Park,Thailand,2014-04-07,1991-06-01
54,Susan,Kim,skim1h@live.com,Female,6243 Lakeland Place,Indonesia,2001-12-26,1993-12-25
55,Emily,Patterson,epatterson1i@is.gd,Female,6446 Scott Point,China,2008-09-28,1993-01-06
56,Jacqueline,Dixon,jdixon1j@vistaprint.com,Female,9693 Melvin Drive,Indonesia,2004-03-27,1994-07-13
57,Kathy,Hunt,khunt1k@comcast.net,Female,178 Forest Run Terrace,Indonesia,2011-08-24,1996-06-12
58,Brian,Smith,bsmith1l@china.com.cn,Male,40838 North Trail,China,2014-08-20,1996-10-29
59,Marilyn,Romero,mromero1m@msu.edu,Female,4623 Badeau Center,North Korea,2010-06-02,1995-08-11
60,Michelle,Johnson,mjohnson1n@ca.gov,Female,13 Badeau Pass,Russia,2015-12-20,1991-07-29
61,Barbara,Powell,bpowell1o@dagondesign.com,Female,597 Buhler Pass,Russia,2001-06-22,1992-12-25
62,Jennifer,Edwards,jedwards1p@reference.com,Female,69 Fisk Point,Belarus,2015-05-22,1997-05-08
63,Walter,Hamilton,whamilton1q@aol.com,Male,68 Onsgard Place,Dominican Republic,2006-03-13,1991-11-12
64,Stephanie,Harper,sharper1r@canalblog.com,Female,9081 Eliot Park,Poland,2002-11-24,1999-07-30
65,Diane,Taylor,dtaylor1s@liveinternet.ru,Female,4 Caliangt Terrace,China,2016-05-18,1995-12-30
66,Henry,Nguyen,hnguyen1t@deliciousdays.com,Male,674 Mariners Cove Lane,China,2006-03-10,1996-12-31
67,Dennis,Harvey,dharvey1u@fastcompany.com,Male,88 Hoffman Crossing,Sweden,2011-10-02,1995-09-07
68,Janice,Griffin,jgriffin1v@ca.gov,Female,137 Mayfield Alley,Indonesia,2014-10-11,1997-05-05
69,Julie,Thompson,jthompson1w@examiner.com,Female,87016 3rd Hill,Indonesia,2005-12-06,1991-12-20
70,Janet,Montgomery,jmontgomery1x@comcast.net,Female,92 Huxley Pass,Argentina,2004-06-23,1991-04-14
71,Amanda,Nichols,anichols1y@geocities.com,Female,7974 La Follette Court,Moldova,2010-09-28,1991-02-02
72,Irene,Schmidt,ischmidt1z@msn.com,Female,843 Monterey Road,Madagascar,2004-07-19,1992-08-10
73,Henry,Rodriguez,hrodriguez20@squarespace.com,Male,365 Waywood Circle,Antigua and Barbuda,2011-12-16,1992-09-10
74,Joshua,Alvarez,jalvarez21@kickstarter.com,Male,796 Porter Road,France,2002-08-21,1991-09-25
75,Ruby,Ward,rward22@nba.com,Female,6 Green Drive,Peru,2004-06-20,1998-03-01
76,Jimmy,Romero,jromero23@google.it,Male,7 Gerald Circle,Mexico,2003-07-17,1997-04-15
77,Carol,Gutierrez,cgutierrez24@webs.com,Female,986 Harbort Parkway,Indonesia,2009-12-06,1999-08-07
78,Janice,West,jwest25@webnode.com,Female,48505 Fieldstone Road,Argentina,2009-10-04,1998-09-03
79,Bonnie,Ruiz,bruiz26@yahoo.co.jp,Female,3638 Northwestern Terrace,Greece,2009-06-10,1995-12-04
80,Terry,Payne,tpayne27@who.int,Male,462 Mallard Court,Russia,2005-10-03,1993-08-30
81,Elizabeth,Reed,ereed28@narod.ru,Female,49172 Stoughton Road,Brazil,2001-03-05,1998-07-04
82,Marilyn,Warren,mwarren29@vistaprint.com,Female,3189 Reindahl Place,Sierra Leone,2010-10-09,1998-04-28
83,Adam,Snyder,asnyder2a@wp.com,Male,8517 Nova Center,Belarus,2005-10-11,1998-07-10
84,Paul,Reed,preed2b@networkadvertising.org,Male,257 Bonner Park,Russia,2008-07-11,1996-10-03
85,Terry,Dixon,tdixon2c@cdbaby.com,Male,31 Bellgrove Trail,Curacao,2004-06-20,1993-04-04
86,Martha,Kim,mkim2d@indiegogo.com,Female,45 Forest Run Hill,Nigeria,2006-10-06,1992-01-04
87,Christine,Wright,cwright2e@smh.com.au,Female,1 Old Shore Terrace,Brazil,2001-02-26,1996-08-03
88,Willie,Kim,wkim2f@meetup.com,Male,83 Eastwood Court,Niger,2011-04-02,1995-01-03
89,Ann,Clark,aclark2g@businesswire.com,Female,9979 Maple Wood Circle,Dominican Republic,2001-03-27,1993-04-05
90,Jeffrey,Long,jlong2h@mediafire.com,Male,45268 Hollow Ridge Lane,Thailand,2005-05-12,1992-08-26
91,Henry,Stephens,hstephens2i@google.it,Male,8 Bellgrove Circle,New Caledonia,2004-12-16,1994-03-24
92,Jose,Martinez,jmartinez2j@narod.ru,Male,41 Lillian Avenue,China,2006-08-24,1995-05-12
93,Scott,Stanley,sstanley2k@prweb.com,Male,12313 Grasskamp Court,Macedonia,2009-07-13,1997-01-22
94,Brandon,Ray,bray2l@blogger.com,Male,1 Harbort Place,Colombia,2012-02-24,1993-01-26
95,Willie,Morales,wmorales2m@fema.gov,Male,91 Delladonna Plaza,Costa Rica,2007-04-07,1991-09-27
96,Harold,Jordan,hjordan2n@oakley.com,Male,35576 Everett Center,France,2012-04-01,1994-01-27
97,Patrick,Martin,pmartin2o@usgs.gov,Male,55 Portage Court,Canada,2003-03-31,1997-07-09
98,Mary,Holmes,mholmes2p@telegraph.co.uk,Female,839 Riverside Alley,Ukraine,2012-12-25,1996-05-17
99,Henry,Ramirez,hramirez2q@nsw.gov.au,Male,345 Londonderry Lane,Honduras,2014-07-08,1991-09-25
100,Harold,Butler,hbutler2r@eventbrite.com,Male,39576 Arrowood Parkway,China,2010-05-19,1995-05-12
101,Gary,Williams,gwilliams2s@wordpress.com,Male,82 Jenna Junction,Poland,2001-10-13,1992-02-13
102,Joyce,Hunter,jhunter2t@slashdot.org,Female,83 Rigney Parkway,Greece,2007-08-12,1999-03-31
103,Carl,Lee,clee2u@bandcamp.com,Male,22215 Dovetail Point,Sweden,2010-07-24,1993-06-07
104,Peter,Webb,pwebb2v@merriam-webster.com,Male,319 Kinsman Place,Greece,2003-05-02,1994-12-28
105,George,Mills,gmills2w@smh.com.au,Male,8285 Quincy Avenue,Estonia,2004-04-14,1996-01-31
106,Nicholas,West,nwest2x@youtube.com,Male,594 Basil Street,Russia,2008-04-16,1996-10-09
107,Marilyn,Knight,mknight2y@sitemeter.com,Female,68563 Welch Crossing,Colombia,2013-06-01,1991-09-25
108,Jessica,Sanders,jsanders2z@stumbleupon.com,Female,656 Oak Valley Court,France,2013-07-14,1992-05-16
109,Carlos,Bailey,cbailey30@msu.edu,Male,4593 Kingsford Parkway,Indonesia,2010-10-25,1996-10-02
110,Jessica,Black,jblack31@umn.edu,Female,24466 Hudson Court,Philippines,2000-09-30,1997-05-12
111,Evelyn,Washington,ewashington32@sogou.com,Female,35562 Coleman Road,Brazil,2014-06-04,1998-04-22
112,Carol,Patterson,cpatterson33@linkedin.com,Female,62078 Lien Pass,Russia,2003-03-30,1992-09-24
113,Johnny,Cook,jcook34@ihg.com,Male,80 Shasta Road,Portugal,2008-07-26,1998-07-19
114,Wanda,Myers,wmyers35@de.vu,Female,0 Comanche Trail,Russia,2002-10-20,1994-11-23
115,Mark,Burns,mburns36@scribd.com,Male,9 Corry Lane,China,2004-12-16,1998-05-15
116,Joshua,Andrews,jandrews37@1und1.de,Male,245 Swallow Road,Philippines,2014-11-26,1993-04-20
117,Jeffrey,Adams,jadams38@elegantthemes.com,Male,89511 Commercial Center,Indonesia,2008-10-13,1997-08-14
118,Betty,Payne,bpayne39@wsj.com,Female,3 Knutson Court,Greece,2013-02-04,1996-09-22
119,Richard,West,rwest3a@nasa.gov,Male,0127 Cottonwood Alley,China,2003-05-13,1991-03-23
120,Jack,Lee,jlee3b@symantec.com,Male,75567 Chive Park,Canada,2011-08-07,1996-07-31
121,Arthur,Stone,astone3c@tinypic.com,Male,272 Golden Leaf Court,China,2010-05-27,1999-03-28
122,Steven,Jacobs,sjacobs3d@princeton.edu,Male,94635 Oak Valley Place,Russia,2004-11-23,1996-05-03
123,Bruce,Castillo,bcastillo3e@deviantart.com,Male,88939 Northwestern Way,China,2006-10-18,1992-02-11
124,Larry,Webb,lwebb3f@thetimes.co.uk,Male,421 Larry Avenue,Hong Kong,2011-07-06,1992-08-25
125,Martin,Cox,mcox3g@unblog.fr,Male,44261 Dorton Drive,South Africa,2009-03-26,1996-07-28
126,Walter,Arnold,warnold3h@cyberchimps.com,Male,8 Shopko Drive,Peru,2004-08-18,1995-04-28
127,Eugene,Watson,ewatson3i@bbc.co.uk,Male,67 Paget Junction,China,2012-07-14,1995-12-30
128,Robin,Rodriguez,rrodriguez3j@wordpress.org,Female,54 Harper Terrace,Indonesia,2010-01-26,1995-08-10
129,Linda,Hill,lhill3k@exblog.jp,Female,7 Thierer Pass,Russia,2014-08-29,1997-02-07
130,Diane,Phillips,dphillips3l@hubpages.com,Female,3336 Hallows Crossing,Indonesia,2014-03-09,1996-02-23
131,Sharon,Garcia,sgarcia3m@apache.org,Female,870 Logan Point,Indonesia,2000-09-28,1991-11-04
132,Larry,Nichols,lnichols3n@addtoany.com,Male,7298 Luster Avenue,Ukraine,2008-07-13,1999-08-18
133,Timothy,Perkins,tperkins3o@hugedomains.com,Male,89552 Myrtle Hill,France,2003-07-29,1990-09-14
134,Alan,Morrison,amorrison3p@xrea.com,Male,99 Badeau Terrace,China,2004-10-10,1996-10-12
135,Katherine,Sanchez,ksanchez3q@merriam-webster.com,Female,3767 Linden Pass,Belarus,2008-05-23,1994-09-01
136,Michael,Jones,mjones3r@slashdot.org,Male,5 Grasskamp Terrace,Sri Lanka,2001-07-21,1992-09-17
137,Rebecca,Gibson,rgibson3s@edublogs.org,Female,62299 Gerald Street,China,2005-03-05,1992-10-18
138,Lillian,Robertson,lrobertson3t@indiatimes.com,Female,87 Lien Circle,Argentina,2014-06-25,1995-09-04
139,Susan,Carroll,scarroll3u@sohu.com,Female,9350 Moose Avenue,Brazil,2000-10-31,1998-06-04
140,Andrew,Baker,abaker3v@pen.io,Male,254 Schiller Center,China,2009-10-28,1995-03-09
141,Rose,Ramirez,rramirez3w@earthlink.net,Female,02 East Hill,China,2002-11-11,1996-08-12
142,Billy,Smith,bsmith3x@geocities.jp,Male,931 Eliot Park,China,2013-07-15,1993-04-19
143,Earl,Hughes,ehughes3y@google.co.jp,Male,9 Harper Plaza,Russia,2002-01-23,1998-03-28
144,Chris,Washington,cwashington3z@issuu.com,Male,58 Loftsgordon Lane,Azerbaijan,2005-05-06,1994-03-24
145,Catherine,Duncan,cduncan40@artisteer.com,Female,4 Riverside Alley,Czech Republic,2005-05-02,1999-05-01
146,Doris,Gibson,dgibson41@examiner.com,Female,0574 Prentice Junction,Sweden,2013-05-20,1993-10-16
147,Carlos,Fields,cfields42@washington.edu,Male,32 Northland Junction,Reunion,2002-06-30,1995-12-27
148,Christina,Adams,cadams43@unc.edu,Female,5790 John Wall Circle,Japan,2006-10-01,1991-12-14
149,Diane,Allen,dallen44@squidoo.com,Female,05 Rigney Trail,Luxembourg,2007-12-20,1993-04-16
150,Bobby,Garza,bgarza45@nifty.com,Male,3 Cottonwood Drive,Czech Republic,2014-03-04,1998-08-05
151,Bonnie,Lawrence,blawrence46@ustream.tv,Female,222 Claremont Avenue,Portugal,2007-12-06,1995-12-26
152,Phillip,Fowler,pfowler47@networkadvertising.org,Male,2841 Hoffman Crossing,Brazil,2005-12-13,1994-05-05
153,Jessica,Hunt,jhunt48@gmpg.org,Female,0 Northwestern Pass,Philippines,2007-02-18,1998-10-02
154,Ronald,Lewis,rlewis49@slate.com,Male,09 Helena Road,Brazil,2010-06-17,1997-09-25
155,Betty,Brown,bbrown4a@blogspot.com,Female,36 Truax Hill,Poland,2007-06-28,1991-03-11
156,Jesse,Banks,jbanks4b@springer.com,Male,2 Derek Plaza,United States,2008-01-03,1991-04-29
157,Janet,Hunt,jhunt4c@dion.ne.jp,Female,5283 Truax Terrace,China,2004-07-12,1990-10-22
158,Paula,Warren,pwarren4d@1688.com,Female,6842 Garrison Hill,Russia,2001-08-20,1995-12-09
159,Frances,Hunt,fhunt4e@admin.ch,Female,0494 Nevada Lane,Syria,2003-02-02,1990-10-01
160,Lois,Diaz,ldiaz4f@rambler.ru,Female,20 Debs Pass,China,2007-05-26,1999-06-21
161,Eric,Stewart,estewart4g@e-recht24.de,Male,9 Maryland Trail,Indonesia,2009-01-20,1991-12-01
162,Craig,Armstrong,carmstrong4h@answers.com,Male,98869 Emmet Court,Cuba,2003-08-13,1994-12-26
163,Gary,Jenkins,gjenkins4i@alexa.com,Male,88 Pine View Hill,Indonesia,2005-06-03,1993-02-08
164,Jose,Jones,jjones4j@microsoft.com,Male,3662 Glendale Way,Iran,2005-11-09,1995-09-05
165,Katherine,Larson,klarson4k@smugmug.com,Female,7781 Lien Center,United States,2008-01-17,1991-11-17
166,Jack,Bradley,jbradley4l@techcrunch.com,Male,34955 Hoepker Center,Indonesia,2012-09-23,1993-08-07
167,Phyllis,Murray,pmurray4m@vinaora.com,Female,08997 Roth Crossing,Greece,2009-03-29,1992-05-17
168,Bruce,Alexander,balexander4n@bizjournals.com,Male,3563 Reindahl Point,Panama,2007-06-21,1997-01-25
169,Jessica,Taylor,jtaylor4o@engadget.com,Female,9 Eastlawn Alley,Guatemala,2001-03-02,1999-02-16
170,Alan,Lawrence,alawrence4p@auda.org.au,Male,3906 Jenifer Crossing,Poland,2001-01-17,1993-09-21
171,David,Russell,drussell4q@surveymonkey.com,Male,60 Pankratz Junction,Philippines,2004-04-27,1999-05-31
172,Ronald,Sanders,rsanders4r@wordpress.com,Male,64 Hanover Drive,China,2002-09-01,1991-05-11
173,Catherine,Ross,cross4s@theatlantic.com,Female,89948 Prairieview Lane,United States,2015-07-09,1995-05-15
174,Jose,Larson,jlarson4t@narod.ru,Male,20777 Randy Avenue,Dominican Republic,2005-05-24,1993-08-08
175,Martin,Morgan,mmorgan4u@chronoengine.com,Male,5 Dakota Point,China,2005-08-14,1992-11-13
176,Elizabeth,Lee,elee4v@reuters.com,Female,803 Warner Center,France,2003-04-05,1996-04-08
177,Elizabeth,Hill,ehill4w@springer.com,Female,953 Norway Maple Center,Indonesia,2004-02-12,1994-01-01
178,Keith,Hawkins,khawkins4x@oracle.com,Male,62386 Maple Alley,Colombia,2006-04-22,1992-05-21
179,Robert,Morris,rmorris4y@dell.com,Male,14 Caliangt Park,Indonesia,2011-11-07,1997-07-04
180,Joseph,Jackson,jjackson4z@google.es,Male,81 Schlimgen Alley,Indonesia,2006-02-19,1995-05-02
181,Justin,Phillips,jphillips50@redcross.org,Male,483 Raven Terrace,Zambia,2009-03-29,1995-01-03
182,Larry,Nichols,lnichols51@guardian.co.uk,Male,6868 Brown Street,Indonesia,2011-03-31,1994-05-23
183,Joyce,Bryant,jbryant52@msu.edu,Female,48073 Express Point,Colombia,2007-03-01,1996-12-27
184,Jesse,Harris,jharris53@ycombinator.com,Male,447 Londonderry Street,Colombia,2006-04-01,1992-08-14
185,Randy,Ramirez,rramirez54@webnode.com,Male,4 Northridge Drive,Honduras,2003-05-01,1996-02-26
186,Margaret,Davis,mdavis55@qq.com,Female,4 Bowman Circle,China,2015-05-10,1991-02-19
187,Mildred,Henderson,mhenderson56@pcworld.com,Female,5 Messerschmidt Alley,Uganda,2008-05-26,1997-03-17
188,Pamela,Wells,pwells57@yellowbook.com,Female,1 Coleman Junction,Russia,2010-05-19,1997-01-05
189,Craig,Moore,cmoore58@omniture.com,Male,566 Coolidge Point,Yemen,2010-09-13,1994-12-15
190,Peter,Scott,pscott59@technorati.com,Male,47 Boyd Street,Sweden,2014-06-21,1991-03-23
191,Lisa,Bishop,lbishop5a@ox.ac.uk,Female,393 Esch Hill,Norway,2012-10-05,1994-03-08
192,Ruby,Lawson,rlawson5b@theglobeandmail.com,Female,0667 Florence Parkway,Latvia,2016-08-08,1993-10-26
193,Jimmy,Lane,jlane5c@lulu.com,Male,63 Upham Way,Tunisia,2009-01-06,1991-02-16
194,Eric,Carr,ecarr5d@telegraph.co.uk,Male,44030 Thierer Lane,Poland,2003-01-03,1998-01-20
195,William,Warren,wwarren5e@miibeian.gov.cn,Male,6719 Meadow Ridge Terrace,Cuba,2003-09-30,1991-05-06
196,Albert,Peters,apeters5f@rakuten.co.jp,Male,8595 Maryland Junction,Greece,2005-09-17,1996-11-27
197,Janice,Chapman,jchapman5g@bravesites.com,Female,87596 Barby Way,Portugal,2009-06-02,1993-05-25
198,Justin,Meyer,jmeyer5h@rediff.com,Male,86693 Ludington Avenue,Japan,2008-05-28,1990-10-04
199,Julia,Ford,jford5i@sciencedirect.com,Female,42 Swallow Circle,China,2007-11-04,1993-09-08
200,Teresa,Lynch,tlynch5j@utexas.edu,Female,44137 American Junction,Syria,2004-06-29,1993-11-09
201,Joe,Price,jprice5k@multiply.com,Male,9 Graedel Street,Tanzania,2006-06-06,1999-06-29
202,Earl,Carpenter,ecarpenter5l@canalblog.com,Male,712 Main Lane,Albania,2011-09-19,1999-04-15
203,Paula,Lynch,plynch5m@merriam-webster.com,Female,2938 Wayridge Center,Indonesia,2016-07-03,1992-04-23
204,Thomas,Ray,tray5n@msu.edu,Male,43687 Melrose Way,Poland,2004-10-14,1997-01-16
205,Jennifer,Austin,jaustin5o@photobucket.com,Female,70312 Old Shore Park,Ghana,2006-09-03,1994-04-29
206,Jeffrey,Grant,jgrant5p@freewebs.com,Male,1 Melrose Alley,Brazil,2001-12-13,1991-08-08
207,Earl,Ford,eford5q@360.cn,Male,27 Anzinger Avenue,Czech Republic,2008-03-10,1990-09-25
208,Annie,Castillo,acastillo5r@mapquest.com,Female,95432 Brickson Park Street,Greece,2010-12-29,1999-03-12
209,Earl,Mcdonald,emcdonald5s@google.ca,Male,45 Westerfield Terrace,Argentina,2013-10-06,1991-01-13
210,Diana,Cook,dcook5t@alexa.com,Female,90260 Debs Street,Peru,2006-11-02,1992-08-16
211,Kathy,Woods,kwoods5u@booking.com,Female,37136 Paget Lane,China,2007-11-15,1996-11-17
212,Jeffrey,Perkins,jperkins5v@latimes.com,Male,2945 Haas Circle,Colombia,2014-07-05,1994-03-27
213,Victor,Clark,vclark5w@engadget.com,Male,97580 Clarendon Pass,Russia,2003-02-11,1998-02-15
214,Steven,Shaw,sshaw5x@seattletimes.com,Male,8674 Vera Junction,Panama,2002-07-27,1991-12-11
215,Jerry,Anderson,janderson5y@wufoo.com,Male,99173 Vernon Road,Canada,2006-03-13,1994-11-24
216,Donna,Franklin,dfranklin5z@nsw.gov.au,Female,837 Drewry Avenue,Peru,2004-02-16,1991-10-25
217,Anne,Cunningham,acunningham60@dagondesign.com,Female,2986 Fordem Crossing,Armenia,2016-04-07,1991-03-02
218,Ruth,Burke,rburke61@dropbox.com,Female,7 Havey Hill,Russia,2012-06-09,1999-02-19
219,Martin,King,mking62@smugmug.com,Male,32910 La Follette Lane,Russia,2009-03-11,1996-04-29
220,Joseph,Lawson,jlawson63@51.la,Male,61068 Anthes Center,Comoros,2011-11-15,1997-11-14
221,Carol,Sanchez,csanchez64@craigslist.org,Female,60 Village Road,Peru,2015-07-27,1992-03-26
222,Jonathan,Jacobs,jjacobs65@theguardian.com,Male,20531 Porter Parkway,China,2011-03-16,1997-07-18
223,Dorothy,Bishop,dbishop66@yelp.com,Female,47573 Melody Trail,Indonesia,2006-05-17,1995-08-17
224,Lawrence,Griffin,lgriffin67@moonfruit.com,Male,1 Fair Oaks Crossing,China,2010-02-21,1999-07-26
225,Joe,Boyd,jboyd68@dmoz.org,Male,3 Kim Point,Sweden,2009-04-27,1995-09-02
226,Craig,Owens,cowens69@simplemachines.org,Male,437 Everett Junction,China,2013-02-12,1995-01-28
227,Lawrence,Oliver,loliver6a@amazon.co.uk,Male,7544 Spohn Pass,Czech Republic,2002-10-19,1999-03-14
228,Keith,Jordan,kjordan6b@sourceforge.net,Male,901 Gerald Crossing,Russia,2003-06-03,1991-05-25
229,Carol,Chavez,cchavez6c@independent.co.uk,Female,14 Calypso Lane,Thailand,2002-06-13,1998-05-31
230,Barbara,Patterson,bpatterson6d@go.com,Female,5 Mosinee Hill,Aland Islands,2001-07-25,1994-04-16
231,Elizabeth,Walker,ewalker6e@sina.com.cn,Female,7594 Cardinal Street,Portugal,2013-08-25,1999-08-11
232,Virginia,Hunt,vhunt6f@eventbrite.com,Female,36622 Graedel Center,Ukraine,2006-03-27,1995-08-06
233,Dennis,Smith,dsmith6g@csmonitor.com,Male,33 Hintze Court,Czech Republic,2016-01-17,1996-02-13
234,Lori,Morales,lmorales6h@nsw.gov.au,Female,70 Waywood Lane,Netherlands,2006-03-09,1996-08-31
235,Gary,Cole,gcole6i@apache.org,Male,78457 Green Crossing,China,2002-02-08,1993-06-11
236,Patrick,Watkins,pwatkins6j@opera.com,Male,84961 Maryland Road,Albania,2009-08-31,1994-09-27
237,Lillian,Jacobs,ljacobs6k@istockphoto.com,Female,359 Farwell Plaza,Russia,2014-09-10,1994-12-05
238,Philip,Sanders,psanders6l@mashable.com,Male,34 Delladonna Place,Honduras,2009-03-12,1993-11-04
239,Carol,Gardner,cgardner6m@amazon.com,Female,992 Rigney Junction,Argentina,2013-08-01,1994-08-14
240,Stephen,Hall,shall6n@skyrock.com,Male,1 Eastwood Junction,Russia,2016-04-18,1994-02-01
241,Bruce,Richardson,brichardson6o@hp.com,Male,3 Cambridge Lane,China,2006-09-20,1995-12-16
242,Juan,Gibson,jgibson6p@tiny.cc,Male,3025 Fordem Plaza,Ireland,2006-01-09,1991-01-25
243,Antonio,Rivera,arivera6q@barnesandnoble.com,Male,43 Corben Circle,Uzbekistan,2008-09-17,1998-12-11
244,Jack,Vasquez,jvasquez6r@oakley.com,Male,0179 Mccormick Trail,Japan,2015-03-30,1999-08-24
245,Carlos,Russell,crussell6s@cisco.com,Male,10 Anzinger Circle,France,2005-04-15,1998-04-13
246,Sarah,Oliver,soliver6t@mit.edu,Female,05921 Kennedy Terrace,Philippines,2012-07-31,1993-08-06
247,Christina,Garcia,cgarcia6u@ycombinator.com,Female,9 Sachs Court,China,2005-12-12,1997-04-14
248,Jesse,Hughes,jhughes6v@sohu.com,Male,81094 Bowman Crossing,Yemen,2015-04-03,1994-09-30
249,Irene,Pierce,ipierce6w@wordpress.com,Female,6124 Pine View Trail,Indonesia,2004-11-15,1991-02-11
250,Aaron,Bradley,abradley6x@who.int,Male,33 Tony Circle,Russia,2001-08-05,1993-10-11
251,Amy,Simmons,asimmons6y@cam.ac.uk,Female,4 Welch Park,China,2016-04-19,1992-03-24
252,Janice,Ruiz,jruiz6z@cnn.com,Female,5 Northport Crossing,Philippines,2012-08-18,1994-09-11
253,Ruth,Watkins,rwatkins70@smh.com.au,Female,67553 Hansons Drive,Aruba,2005-09-06,1999-01-14
254,Craig,Alvarez,calvarez71@businessweek.com,Male,38 Barnett Way,Ethiopia,2010-08-23,1990-12-16
255,Eugene,Green,egreen72@clickbank.net,Male,77851 Ramsey Road,Japan,2014-11-15,1994-11-07
256,Shawn,Boyd,sboyd73@jugem.jp,Male,7314 Farmco Alley,Thailand,2006-04-11,1997-12-17
257,Roy,Johnson,rjohnson74@ebay.co.uk,Male,68968 East Drive,Philippines,2005-10-04,1990-09-05
258,Richard,Roberts,rroberts75@purevolume.com,Male,735 Algoma Pass,Portugal,2002-12-31,1997-08-07
259,Harold,Alvarez,halvarez76@freewebs.com,Male,9 Dakota Park,China,2009-02-02,1996-01-09
260,Gregory,Rice,grice77@nydailynews.com,Male,9 Red Cloud Terrace,Peru,2008-03-04,1992-11-19
261,Frank,Johnston,fjohnston78@cnn.com,Male,7077 Little Fleur Hill,Kazakhstan,2003-03-26,1993-11-10
262,Randy,Gordon,rgordon79@mtv.com,Male,31846 Comanche Point,Mexico,2010-10-29,1996-02-06
263,Debra,Fields,dfields7a@stumbleupon.com,Female,8 Armistice Place,Brazil,2013-01-01,1998-06-09
264,Anna,West,awest7b@google.com.br,Female,0587 West Plaza,Indonesia,2014-01-07,1993-12-30
265,Kelly,Williamson,kwilliamson7c@barnesandnoble.com,Female,57352 Shelley Hill,China,2012-01-11,1997-04-25
266,Walter,Hughes,whughes7d@indiatimes.com,Male,690 Carey Point,China,2014-02-02,1997-08-09
267,Diana,Hunter,dhunter7e@cornell.edu,Female,23515 Straubel Drive,Philippines,2005-05-30,1992-02-12
268,Irene,Harvey,iharvey7f@flavors.me,Female,1872 Ridge Oak Terrace,Poland,2003-11-02,1996-03-20
269,Paul,Sullivan,psullivan7g@xrea.com,Male,13376 Anzinger Junction,Indonesia,2012-01-26,1991-06-28
270,Donald,Diaz,ddiaz7h@livejournal.com,Male,71562 Arizona Pass,South Africa,2006-11-08,1999-08-15
271,Melissa,Gray,mgray7i@soundcloud.com,Female,653 Ridgeview Road,Palestinian Territory,2013-11-28,1997-09-22
272,Teresa,Stevens,tstevens7j@redcross.org,Female,42 Fordem Drive,Indonesia,2006-07-02,1992-10-14
273,Susan,Weaver,sweaver7k@stumbleupon.com,Female,0253 Tony Way,Russia,2007-07-27,1998-06-05
274,Anne,Webb,awebb7l@elegantthemes.com,Female,010 Calypso Parkway,Belgium,2004-05-28,1996-08-30
275,Ryan,Tucker,rtucker7m@lulu.com,Male,7808 Chive Court,China,2014-06-26,1992-03-29
276,Earl,Griffin,egriffin7n@printfriendly.com,Male,3801 Fairfield Point,Madagascar,2003-04-21,1991-10-12
277,Jack,Dean,jdean7o@boston.com,Male,7733 Ruskin Center,Palestinian Territory,2003-09-01,1995-07-25
278,Harold,Sims,hsims7p@boston.com,Male,6 Hagan Hill,Czech Republic,2005-04-24,1994-04-25
279,Jennifer,Brooks,jbrooks7q@skyrock.com,Female,283 Pleasure Place,Portugal,2003-07-05,1997-08-11
280,Karen,Knight,kknight7r@youtube.com,Female,1712 Ramsey Alley,Poland,2009-03-31,1991-11-26
281,Sara,Ramos,sramos7s@marketwatch.com,Female,13 Sullivan Circle,China,2002-07-30,1992-01-29
282,Lori,Coleman,lcoleman7t@time.com,Female,5751 6th Street,China,2004-01-14,1999-04-29
283,Jane,Peterson,jpeterson7u@tamu.edu,Female,51457 Eggendart Junction,Greenland,2014-02-08,1992-04-10
284,Keith,Chavez,kchavez7v@cnet.com,Male,1313 Milwaukee Drive,South Africa,2002-10-27,1996-04-07
285,Jessica,Schmidt,jschmidt7w@constantcontact.com,Female,26 Truax Park,Vietnam,2002-04-09,1998-11-21
286,Adam,Simmons,asimmons7x@apache.org,Male,00 Delaware Court,Philippines,2006-07-09,1992-09-12
287,Craig,Fields,cfields7y@yahoo.com,Male,8508 Delladonna Alley,Brazil,2010-12-30,1996-07-25
288,Karen,James,kjames7z@fema.gov,Female,40 Canary Park,Poland,2002-10-31,1995-06-11
289,Harry,Lewis,hlewis80@state.tx.us,Male,41309 Jay Place,Indonesia,2009-12-01,1996-07-28
290,Stephen,Alvarez,salvarez81@imdb.com,Male,66700 Huxley Point,Sierra Leone,2015-09-22,1994-03-21
291,Walter,Fox,wfox82@who.int,Male,020 Donald Way,Philippines,2010-07-07,1993-10-28
292,Ernest,Garcia,egarcia83@paginegialle.it,Male,07 Magdeline Plaza,Brazil,2007-12-30,1993-01-15
293,Helen,Porter,hporter84@amazonaws.com,Female,8 Mandrake Lane,United States,2005-09-25,1992-01-19
294,Janet,Hayes,jhayes85@nbcnews.com,Female,40 Arkansas Alley,Russia,2010-09-11,1998-10-21
295,Jose,Brooks,jbrooks86@webnode.com,Male,9349 Di Loreto Way,Brazil,2015-06-21,1998-06-16
296,George,Payne,gpayne87@nps.gov,Male,11 West Pass,China,2004-09-03,1992-02-29
297,Janice,Morgan,jmorgan88@hatena.ne.jp,Female,44 Thierer Park,Philippines,2015-01-23,1995-07-25
298,Gary,Frazier,gfrazier89@rambler.ru,Male,52 Starling Drive,Russia,2014-06-21,1999-08-10
299,Shirley,Willis,swillis8a@accuweather.com,Female,35700 Homewood Park,Philippines,2014-06-08,1993-03-18
300,Louis,Green,lgreen8b@discovery.com,Male,4 Kings Alley,Indonesia,2014-11-07,1994-03-29
301,Julia,Thomas,jthomas8c@cdbaby.com,Female,0266 Hagan Junction,Myanmar,2012-10-31,1998-12-16
302,Jack,Howard,jhoward8d@netscape.com,Male,80829 Holy Cross Crossing,China,2015-04-27,1991-04-05
303,Carlos,Little,clittle8e@slate.com,Male,565 Washington Terrace,Philippines,2010-01-21,1997-08-12
304,Sara,Andrews,sandrews8f@army.mil,Female,0 Mockingbird Crossing,Russia,2004-04-28,1990-10-31
305,Gerald,Arnold,garnold8g@theatlantic.com,Male,9154 Oxford Pass,Indonesia,2001-11-22,1991-08-03
306,Sara,Sanders,ssanders8h@liveinternet.ru,Female,0599 Dakota Avenue,Greece,2007-08-28,1995-11-18
307,Christine,Hicks,chicks8i@pinterest.com,Female,49635 Dwight Circle,Afghanistan,2014-12-15,1992-11-17
308,Marilyn,Jacobs,mjacobs8j@census.gov,Female,05626 Sundown Way,China,2002-11-30,1998-07-03
309,Andrew,Anderson,aanderson8k@google.com,Male,9065 West Road,Argentina,2011-04-10,1996-06-04
310,Steve,Garcia,sgarcia8l@alibaba.com,Male,37655 Fairfield Avenue,China,2000-11-16,1999-07-02
311,Jacqueline,Torres,jtorres8m@mozilla.com,Female,293 Reindahl Drive,Tunisia,2002-06-02,1995-10-05
312,Tina,Barnes,tbarnes8n@list-manage.com,Female,619 Golf Course Plaza,Mexico,2004-05-23,1997-08-14
313,Gregory,Anderson,ganderson8o@cpanel.net,Male,8091 Green Drive,Azerbaijan,2004-11-23,1998-09-15
314,Diane,Torres,dtorres8p@weather.com,Female,9724 Starling Road,Kazakhstan,2013-09-14,1995-08-20
315,Heather,Lane,hlane8q@woothemes.com,Female,824 Di Loreto Avenue,Indonesia,2011-03-19,1996-09-12
316,Ruth,Washington,rwashington8r@prlog.org,Female,73629 Old Shore Circle,Peru,2010-06-21,1992-05-06
317,Marie,Morgan,mmorgan8s@cornell.edu,Female,3284 Macpherson Court,Indonesia,2001-09-11,1995-07-08
318,Douglas,Hughes,dhughes8t@diigo.com,Male,63024 Esker Alley,Zambia,2001-01-12,1998-12-23
319,Harry,Barnes,hbarnes8u@newyorker.com,Male,379 Saint Paul Center,Mexico,2011-10-18,1994-04-10
320,Denise,Knight,dknight8v@linkedin.com,Female,949 Manitowish Road,Ukraine,2003-12-08,1997-02-07
321,Denise,Martinez,dmartinez8w@is.gd,Female,6443 Ramsey Plaza,Peru,2010-09-17,1997-10-23
322,Samuel,Reynolds,sreynolds8x@freewebs.com,Male,347 Doe Crossing Pass,Brazil,2000-10-03,1996-07-02
323,Betty,Garcia,bgarcia8y@cbc.ca,Female,840 Lakewood Lane,China,2016-08-01,1999-06-11
324,Kevin,Thomas,kthomas8z@wsj.com,Male,0 Calypso Point,Russia,2009-11-07,1994-12-16
325,Jacqueline,Williams,jwilliams90@purevolume.com,Female,61710 Lillian Crossing,Sweden,2006-12-23,1992-07-21
326,James,Hernandez,jhernandez91@seesaa.net,Male,34736 Canary Place,China,2000-12-05,1997-06-24
327,Rose,Morales,rmorales92@aol.com,Female,28 Manufacturers Place,Cape Verde,2010-01-23,1998-04-12
328,Samuel,Mccoy,smccoy93@sciencedirect.com,Male,21162 Farmco Center,Pakistan,2002-01-03,1992-11-25
329,Carolyn,Johnson,cjohnson94@tripod.com,Female,53 Melvin Avenue,China,2010-09-06,1993-09-15
330,Joseph,Welch,jwelch95@nps.gov,Male,629 Nancy Terrace,Philippines,2007-12-28,1995-07-09
331,Harry,Kelly,hkelly96@smh.com.au,Male,61740 Manitowish Point,Slovenia,2008-02-17,1995-06-28
332,Lisa,Reyes,lreyes97@mapy.cz,Female,49 Westerfield Point,Mexico,2012-12-13,1993-01-28
333,Julie,Greene,jgreene98@creativecommons.org,Female,875 Goodland Pass,Indonesia,2007-02-03,1991-06-10
334,Joyce,Ramirez,jramirez99@ning.com,Female,55243 Arrowood Alley,Myanmar,2008-03-16,1997-10-30
335,Patricia,Peters,ppeters9a@mayoclinic.com,Female,499 Corscot Trail,Cyprus,2002-10-11,1996-12-08
336,Shirley,Hughes,shughes9b@pinterest.com,Female,67 Arrowood Plaza,Madagascar,2005-01-21,1998-04-10
337,Daniel,Fields,dfields9c@youku.com,Male,97942 Lien Lane,Sweden,2006-10-23,1994-07-06
338,Cheryl,Mills,cmills9d@free.fr,Female,9512 Waxwing Way,Uganda,2011-06-29,1994-11-18
339,Scott,Nguyen,snguyen9e@columbia.edu,Male,0 7th Drive,Kyrgyzstan,2000-12-12,1993-01-04
340,Irene,Watson,iwatson9f@smugmug.com,Female,50672 Mayer Drive,China,2014-10-30,1994-03-23
341,Kathleen,Burton,kburton9g@bloomberg.com,Female,205 Eliot Court,Indonesia,2002-02-22,1999-08-12
342,Frank,Dixon,fdixon9h@europa.eu,Male,27 Kinsman Point,Sweden,2013-07-17,1998-07-13
343,Terry,Rice,trice9i@intel.com,Male,527 Ronald Regan Way,Brazil,2013-11-13,1999-07-11
344,Deborah,Ross,dross9j@wired.com,Female,8 Village Green Junction,Japan,2008-11-15,1993-02-01
345,Terry,Fisher,tfisher9k@technorati.com,Male,408 La Follette Center,Argentina,2003-02-13,1990-09-24
346,Jimmy,Marshall,jmarshall9l@paginegialle.it,Male,6 Brickson Park Pass,China,2012-01-15,1999-08-28
347,Laura,Ortiz,lortiz9m@seesaa.net,Female,8 Linden Lane,China,2001-04-02,1994-08-19
348,Frank,Meyer,fmeyer9n@google.pl,Male,88176 Huxley Court,New Caledonia,2012-02-26,1996-04-04
349,Jerry,Ramos,jramos9o@simplemachines.org,Male,548 Spaight Lane,Portugal,2007-01-02,1993-04-17
350,Andrea,Jackson,ajackson9p@army.mil,Female,53684 Leroy Road,China,2001-10-17,1997-07-27
351,Kathy,Knight,kknight9q@rambler.ru,Female,594 Gulseth Way,China,2014-07-11,1993-10-19
352,William,Richardson,wrichardson9r@redcross.org,Male,6 Dennis Plaza,China,2008-06-12,1998-08-06
353,Alice,Roberts,aroberts9s@jiathis.com,Female,7615 Cardinal Hill,France,2002-07-17,1995-01-12
354,Rachel,Fowler,rfowler9t@usgs.gov,Female,4 Sage Crossing,Thailand,2015-02-24,1993-03-19
355,Timothy,George,tgeorge9u@wix.com,Male,8573 Vernon Center,Japan,2006-02-16,1995-08-08
356,Norma,Hunt,nhunt9v@google.com.hk,Female,6626 Gina Road,China,2010-07-29,1993-02-21
357,Marie,Gomez,mgomez9w@cam.ac.uk,Female,737 Vidon Lane,Canada,2002-09-05,1990-12-21
358,Amanda,Gardner,agardner9x@sciencedirect.com,Female,2184 Rutledge Park,Indonesia,2004-11-12,1995-12-19
359,Julia,Russell,jrussell9y@uol.com.br,Female,78608 Ilene Way,France,2000-11-17,1993-03-20
360,Mildred,Edwards,medwards9z@yandex.ru,Female,9 Warrior Hill,Macedonia,2008-09-15,1992-05-22
361,Heather,Shaw,hshawa0@amazon.co.jp,Female,29 Bobwhite Circle,Colombia,2009-01-30,1992-02-16
362,Joe,Barnes,jbarnesa1@google.com.au,Male,5 Westerfield Way,Portugal,2011-02-17,1995-11-08
363,Doris,Collins,dcollinsa2@ow.ly,Female,53 Sullivan Plaza,China,2012-11-22,1992-03-28
364,Linda,Porter,lportera3@constantcontact.com,Female,902 Mcbride Terrace,China,2008-02-17,1999-07-23
365,Gloria,Walker,gwalkera4@aboutads.info,Female,20 Hansons Terrace,China,2012-09-09,1996-05-15
366,Kathryn,Mccoy,kmccoya5@mediafire.com,Female,237 Lotheville Lane,France,2015-09-29,1998-08-26
367,Jessica,Thomas,jthomasa6@prlog.org,Female,176 Bultman Center,Indonesia,2006-03-28,1998-08-25
368,Samuel,Wilson,swilsona7@addtoany.com,Male,5731 Blackbird Point,Philippines,2005-04-03,1995-03-22
369,Barbara,Nelson,bnelsona8@cbslocal.com,Female,8 Washington Point,China,2002-11-14,1995-08-25
370,Carol,Kennedy,ckennedya9@reverbnation.com,Female,9 Farmco Terrace,Kazakhstan,2006-07-03,1993-08-23
371,Gloria,Lopez,glopezaa@tmall.com,Female,1 Muir Road,Samoa,2012-12-18,1995-10-10
372,Craig,Diaz,cdiazab@soundcloud.com,Male,02 Esker Crossing,China,2016-03-28,1994-11-20
373,Jane,Garrett,jgarrettac@apple.com,Female,5580 Doe Crossing Way,Poland,2007-10-16,1990-11-29
374,Sean,Henry,shenryad@wp.com,Male,93 Meadow Ridge Park,Cameroon,2013-06-10,1993-04-20
375,Kevin,Rice,kriceae@fastcompany.com,Male,993 Sherman Way,Russia,2006-04-30,1996-01-31
376,Shawn,Miller,smilleraf@ted.com,Male,7 Mcbride Center,France,2014-07-24,1997-04-26
377,Frank,Hughes,fhughesag@techcrunch.com,Male,59 Vernon Plaza,France,2009-07-05,1991-04-07
378,Jacqueline,Chapman,jchapmanah@nasa.gov,Female,9 Continental Pass,Mexico,2010-06-06,1995-01-05
379,Randy,Watkins,rwatkinsai@admin.ch,Male,0798 Everett Drive,Brazil,2010-01-20,1991-06-18
380,Ruth,Carpenter,rcarpenteraj@hibu.com,Female,8833 Eastwood Center,China,2001-04-26,1998-08-07
381,Charles,Dixon,cdixonak@liveinternet.ru,Male,20610 Waubesa Way,Russia,2008-09-12,1996-10-16
382,Steve,Rice,sriceal@theguardian.com,Male,59084 Rieder Hill,Armenia,2003-12-14,1997-10-08
383,Patrick,Richardson,prichardsonam@ca.gov,Male,761 Pierstorff Drive,Poland,2016-02-01,1995-10-06
384,Judy,Morgan,jmorganan@elegantthemes.com,Female,68900 Fieldstone Street,China,2011-03-11,1993-08-21
385,Pamela,Cole,pcoleao@bravesites.com,Female,5 Superior Avenue,China,2013-07-10,1998-01-04
386,Sean,Nelson,snelsonap@blogs.com,Male,948 Tomscot Avenue,Mongolia,2001-10-12,1990-09-22
387,Barbara,Elliott,belliottaq@elegantthemes.com,Female,67363 Ryan Pass,Serbia,2010-02-18,1991-06-14
388,Mark,Owens,mowensar@soup.io,Male,61 Sommers Parkway,Philippines,2010-06-30,1994-11-10
389,Eugene,Lawson,elawsonas@deviantart.com,Male,1620 Little Fleur Park,Afghanistan,2004-07-13,1991-06-26
390,Douglas,Bryant,dbryantat@salon.com,Male,1466 Roxbury Parkway,Indonesia,2011-08-23,1993-02-13
391,Christine,Rice,criceau@themeforest.net,Female,79345 Grasskamp Trail,Brazil,2015-09-06,1999-02-07
392,Todd,Garcia,tgarciaav@hatena.ne.jp,Male,992 Cascade Crossing,Mexico,2007-02-05,1991-05-05
393,Theresa,Wood,twoodaw@livejournal.com,Female,5911 Jana Place,Poland,2011-11-08,1994-05-09
394,Peter,Butler,pbutlerax@howstuffworks.com,Male,65 Grasskamp Court,China,2009-07-14,1994-07-16
395,Lawrence,Morales,lmoralesay@merriam-webster.com,Male,35 Sunbrook Park,China,2011-06-20,1992-12-22
396,Rebecca,Perry,rperryaz@usatoday.com,Female,7927 Derek Terrace,France,2007-02-21,1999-06-22
397,Earl,Lawson,elawsonb0@samsung.com,Male,87 Westridge Hill,Slovenia,2005-07-13,1992-06-23
398,Philip,Harris,pharrisb1@arizona.edu,Male,4 Summit Pass,China,2001-10-12,1994-12-31
399,Carl,Armstrong,carmstrongb2@reddit.com,Male,11 Butternut Circle,China,2015-02-01,1993-03-15
400,Justin,Day,jdayb3@paginegialle.it,Male,22289 Hintze Crossing,Indonesia,2006-11-02,1998-07-15
401,Mary,Simmons,msimmonsb4@delicious.com,Female,2000 Autumn Leaf Junction,Albania,2005-05-14,1995-10-05
402,Joe,Webb,jwebbb5@indiatimes.com,Male,8 Cordelia Way,Russia,2001-12-27,1996-04-17
403,Willie,Perez,wperezb6@freewebs.com,Male,0 Oneill Center,Japan,2012-03-06,1990-08-31
404,Ann,Lynch,alynchb7@cafepress.com,Female,6405 Londonderry Avenue,Cambodia,2012-11-02,1996-11-17
405,Sandra,Sanders,ssandersb8@meetup.com,Female,575 Cody Junction,Sweden,2006-04-06,1998-12-11
406,Ryan,Ellis,rellisb9@istockphoto.com,Male,2100 Hoard Pass,Latvia,2008-01-20,1998-01-05
407,Edward,Kelly,ekellyba@soundcloud.com,Male,26911 Mitchell Crossing,Argentina,2005-03-04,1991-12-19
408,Kathryn,Knight,kknightbb@flickr.com,Female,19340 Harper Place,Peru,2005-05-17,1993-10-12
409,Russell,Diaz,rdiazbc@cdbaby.com,Male,8 Kingsford Street,Indonesia,2014-11-15,1996-11-16
410,Richard,Fuller,rfullerbd@huffingtonpost.com,Male,703 Cardinal Circle,China,2009-04-22,1990-10-25
411,Stephanie,Ellis,sellisbe@prweb.com,Female,89 Weeping Birch Parkway,China,2007-04-22,1990-12-14
412,Donald,Ellis,dellisbf@nydailynews.com,Male,116 Carberry Trail,Bulgaria,2012-08-03,1991-12-28
413,Lillian,Garza,lgarzabg@alexa.com,Female,77 Doe Crossing Trail,Panama,2013-11-20,1996-01-08
414,Fred,Fowler,ffowlerbh@google.com.br,Male,3802 Express Hill,Estonia,2014-05-05,1995-08-10
415,Annie,Wheeler,awheelerbi@slashdot.org,Female,25877 Logan Plaza,Japan,2011-02-03,1993-05-02
416,Juan,Hudson,jhudsonbj@fda.gov,Male,543 Pine View Road,China,2015-08-09,1996-08-21
417,Anthony,White,awhitebk@jigsy.com,Male,3787 Washington Point,Thailand,2012-08-01,1997-05-21
418,Philip,Harris,pharrisbl@ycombinator.com,Male,52207 Pleasure Park,Croatia,2006-05-20,1996-06-24
419,Louis,Burns,lburnsbm@vistaprint.com,Male,1 Commercial Lane,Estonia,2007-03-23,1998-05-03
420,Jane,Jackson,jjacksonbn@ucla.edu,Female,32 Bowman Park,China,2011-01-20,1993-02-27
421,Peter,Walker,pwalkerbo@soup.io,Male,9 Hazelcrest Plaza,China,2008-12-18,1995-03-02
422,Jonathan,Adams,jadamsbp@webmd.com,Male,1251 Golden Leaf Terrace,Colombia,2006-08-12,1992-12-01
423,Cynthia,Williams,cwilliamsbq@smugmug.com,Female,22 Northwestern Pass,Brazil,2007-04-13,1991-04-05
424,Christina,Bennett,cbennettbr@sakura.ne.jp,Female,05158 Comanche Drive,Azerbaijan,2012-12-24,1991-09-05
425,Ann,Frazier,afrazierbs@twitter.com,Female,2 Erie Drive,China,2006-06-07,1997-06-08
426,Maria,Morrison,mmorrisonbt@slashdot.org,Female,9965 Hazelcrest Park,Philippines,2016-02-06,1997-09-09
427,Lois,Jenkins,ljenkinsbu@house.gov,Female,4467 Magdeline Place,Indonesia,2002-02-06,1991-09-22
428,Lois,Martin,lmartinbv@storify.com,Female,4711 Fallview Alley,Ireland,2012-01-29,1991-08-25
429,Alan,Medina,amedinabw@yelp.com,Male,91910 Rowland Hill,Spain,2013-04-28,1992-10-19
430,Harold,Reyes,hreyesbx@digg.com,Male,03955 Cottonwood Crossing,Philippines,2003-06-09,1996-02-02
431,Jean,Jones,jjonesby@princeton.edu,Female,8872 Laurel Court,Bosnia and Herzegovina,2014-05-17,1991-03-14
432,Wayne,Rivera,wriverabz@google.pl,Male,86186 Autumn Leaf Drive,Philippines,2011-12-30,1999-06-24
433,Mary,Robinson,mrobinsonc0@addthis.com,Female,8305 Eagan Terrace,China,2008-04-06,1993-12-28
434,Margaret,Lee,mleec1@google.fr,Female,662 Portage Alley,Poland,2008-12-07,1994-11-12
435,Raymond,Hicks,rhicksc2@reverbnation.com,Male,645 Clove Court,Philippines,2005-03-08,1991-07-06
436,Roy,Edwards,redwardsc3@whitehouse.gov,Male,3 Scoville Hill,Portugal,2000-12-06,1992-03-19
437,Laura,Stevens,lstevensc4@aol.com,Female,7 Harper Alley,China,2012-06-11,1994-01-27
438,Henry,Morales,hmoralesc5@cnbc.com,Male,7178 Coolidge Drive,Japan,2016-08-01,1995-02-04
439,Jean,Richardson,jrichardsonc6@zimbio.com,Female,4 Esch Place,Czech Republic,2008-11-24,1996-01-02
440,Heather,Kelly,hkellyc7@java.com,Female,98 Fulton Pass,Indonesia,2014-03-03,1992-12-25
441,Eric,Gonzalez,egonzalezc8@bloglines.com,Male,1497 Farmco Road,Brazil,2001-08-21,1997-01-06
442,Ryan,Mccoy,rmccoyc9@mit.edu,Male,0 Anhalt Crossing,Guinea,2013-08-31,1992-09-29
443,Howard,Kelly,hkellyca@addthis.com,Male,0218 Fisk Lane,Pakistan,2005-07-19,1999-05-21
444,Michael,Wood,mwoodcb@theguardian.com,Male,022 Ruskin Park,Greece,2005-04-21,1994-07-04
445,Roger,Barnes,rbarnescc@walmart.com,Male,3 Elmside Hill,Philippines,2006-12-25,1995-06-30
446,Philip,Rivera,priveracd@ihg.com,Male,0 Weeping Birch Center,China,2004-05-12,1992-09-08
447,Margaret,Arnold,marnoldce@youtube.com,Female,14 Westport Pass,Brazil,2008-08-29,1996-06-23
448,Jeremy,Simpson,jsimpsoncf@fotki.com,Male,46981 Old Shore Circle,Brazil,2004-02-26,1999-03-21
449,Maria,Davis,mdaviscg@noaa.gov,Female,762 Lighthouse Bay Pass,China,2005-09-19,1994-01-14
450,Ralph,Nguyen,rnguyench@narod.ru,Male,3 Golf View Avenue,France,2005-09-18,1993-11-30
451,Beverly,Romero,bromeroci@linkedin.com,Female,9509 Larry Crossing,China,2015-07-12,1993-07-30
452,Alan,Dean,adeancj@sogou.com,Male,9 Carpenter Terrace,Indonesia,2012-12-17,1993-01-14
453,Jeremy,Clark,jclarkck@google.cn,Male,9 Montana Trail,Mexico,2012-12-29,1996-01-01
454,Susan,Griffin,sgriffincl@squidoo.com,Female,25 Algoma Parkway,China,2012-04-09,1999-05-13
455,Keith,Turner,kturnercm@cdbaby.com,Male,4 Darwin Place,United States,2002-07-01,1990-11-14
456,Chris,Little,clittlecn@europa.eu,Male,6 Bartillon Point,Hungary,2010-12-22,1996-11-29
457,Stephen,Willis,swillisco@hud.gov,Male,2678 Melrose Junction,Venezuela,2008-05-02,1998-12-02
458,Brandon,Little,blittlecp@google.com.br,Male,21093 Oneill Park,Armenia,2007-12-11,1997-04-20
459,Justin,Kennedy,jkennedycq@soundcloud.com,Male,1500 Oxford Parkway,Bahamas,2009-10-12,1991-08-19
460,Howard,Fuller,hfullercr@devhub.com,Male,3 Spaight Crossing,Poland,2014-01-07,1992-12-21
461,Walter,Spencer,wspencercs@archive.org,Male,745 Mallard Trail,China,2006-09-18,1992-09-20
462,Lori,Richardson,lrichardsonct@1und1.de,Female,1 Lakeland Point,Nigeria,2004-02-24,1996-05-24
463,James,Morgan,jmorgancu@godaddy.com,Male,395 Butterfield Crossing,China,2003-03-15,1991-09-06
464,Cheryl,Banks,cbankscv@mtv.com,Female,175 Springview Circle,Philippines,2016-02-16,1999-02-12
465,Tammy,Carroll,tcarrollcw@yolasite.com,Female,4 Magdeline Place,Indonesia,2007-10-09,1991-08-17
466,Alan,Miller,amillercx@utexas.edu,Male,65 Lukken Crossing,Japan,2016-02-18,1992-10-30
467,Amanda,Smith,asmithcy@delicious.com,Female,6 Clyde Gallagher Place,Czech Republic,2012-04-04,1997-02-25
468,Betty,Butler,bbutlercz@google.pl,Female,495 Columbus Alley,China,2000-09-18,1999-07-16
469,Sarah,Williamson,swilliamsond0@blogtalkradio.com,Female,42791 Eagle Crest Trail,Philippines,2011-07-29,1997-11-02
470,Gloria,Russell,grusselld1@google.it,Female,80 Summer Ridge Trail,China,2009-05-01,1993-12-22
471,Kathleen,Jenkins,kjenkinsd2@umich.edu,Female,3444 Farragut Hill,Russia,2013-08-29,1991-02-13
472,Christine,Arnold,carnoldd3@yelp.com,Female,114 Clyde Gallagher Trail,Vietnam,2009-10-31,1991-12-10
473,Harry,Richardson,hrichardsond4@nyu.edu,Male,6 Mariners Cove Circle,Uzbekistan,2006-03-13,1999-07-18
474,George,Harrison,gharrisond5@blinklist.com,Male,27 Bayside Parkway,Ukraine,2008-02-25,1991-12-21
475,Andrea,Ray,arayd6@mapquest.com,Female,06 Oakridge Pass,Canada,2010-02-01,1996-11-24
476,Jose,Jones,jjonesd7@sakura.ne.jp,Male,06041 Morrow Plaza,Belarus,2016-01-18,1999-03-05
477,Roger,Warren,rwarrend8@cpanel.net,Male,31 Stang Street,Poland,2010-06-05,1994-01-31
478,Thomas,Taylor,ttaylord9@imdb.com,Male,1 Caliangt Trail,Philippines,2011-09-14,1996-10-19
479,Clarence,Payne,cpayneda@desdev.cn,Male,056 Fallview Court,Cuba,2005-01-26,1996-12-15
480,Bonnie,Jackson,bjacksondb@springer.com,Female,95 Cody Junction,Japan,2016-05-28,1998-09-30
481,Charles,Matthews,cmatthewsdc@zimbio.com,Male,226 Russell Point,Ukraine,2000-11-25,1991-04-30
482,Roy,Taylor,rtaylordd@slate.com,Male,4428 Larry Road,Malta,2005-11-07,1992-12-07
483,Martin,Dean,mdeande@washingtonpost.com,Male,861 Knutson Circle,Colombia,2010-08-08,1992-09-25
484,Samuel,Armstrong,sarmstrongdf@dailymail.co.uk,Male,28643 Randy Court,Brazil,2001-04-02,1993-01-26
485,Lois,Bowman,lbowmandg@devhub.com,Female,435 Hazelcrest Road,Russia,2004-08-02,1992-11-05
486,Betty,Hudson,bhudsondh@time.com,Female,7 Grayhawk Drive,Indonesia,2001-04-12,1996-08-05
487,Lillian,Taylor,ltaylordi@hp.com,Female,6 Bayside Lane,Czech Republic,2005-01-23,1992-09-07
488,Clarence,Harper,charperdj@nsw.gov.au,Male,21228 South Lane,Bolivia,2013-09-23,1997-12-07
489,Brandon,Evans,bevansdk@domainmarket.com,Male,2 Delaware Avenue,China,2015-07-05,1995-09-10
490,Raymond,Hill,rhilldl@blogs.com,Male,0239 Shasta Trail,Russia,2008-05-17,1992-12-10
491,Walter,Snyder,wsnyderdm@bandcamp.com,Male,5 Sundown Trail,Russia,2014-11-21,1996-03-13
492,Doris,Evans,devansdn@ihg.com,Female,35810 Butternut Road,China,2009-08-03,1997-07-20
493,Julia,Price,jpricedo@springer.com,Female,571 Schlimgen Pass,Ukraine,2010-05-29,1996-10-21
494,Howard,Stanley,hstanleydp@dagondesign.com,Male,14 Schlimgen Avenue,Peru,2013-05-17,1998-06-19
495,Irene,Thomas,ithomasdq@ebay.com,Female,9 8th Alley,China,2015-04-20,1993-12-10
496,Kathy,Simpson,ksimpsondr@shareasale.com,Female,1821 Graedel Way,China,2008-01-18,1991-03-30
497,Irene,Castillo,icastillods@europa.eu,Female,8 Garrison Terrace,Ireland,2002-11-16,1994-02-27
498,Norma,James,njamesdt@irs.gov,Female,4896 Brentwood Hill,China,2012-02-05,1993-05-06
499,Jose,Ryan,jryandu@mediafire.com,Male,27023 Gina Place,Netherlands,2012-02-25,1993-03-02
500,Raymond,Wheeler,rwheelerdv@microsoft.com,Male,88318 Transport Lane,Peru,2000-12-28,1997-05-13
501,Rachel,Scott,rscottdw@php.net,Female,8 Carioca Pass,Ukraine,2011-04-27,1999-07-10
502,Mary,Lawson,mlawsondx@ezinearticles.com,Female,49 Montana Center,Poland,2011-07-01,1998-02-21
503,Ryan,Mcdonald,rmcdonalddy@arstechnica.com,Male,092 Carberry Circle,Venezuela,2005-08-02,1992-11-17
504,Joe,Medina,jmedinadz@nymag.com,Male,697 Vera Pass,Israel,2011-05-25,1998-04-25
505,Edward,Parker,eparkere0@mozilla.org,Male,1199 Ridgeway Place,Indonesia,2010-06-23,1990-11-06
506,Todd,Lawson,tlawsone1@yandex.ru,Male,12115 Michigan Alley,Costa Rica,2008-03-21,1994-06-03
507,Anthony,Jenkins,ajenkinse2@cdbaby.com,Male,72 Texas Hill,Botswana,2011-11-27,1998-02-17
508,Nicholas,Tucker,ntuckere3@narod.ru,Male,0486 Hazelcrest Drive,Japan,2010-01-18,1994-05-24
509,Teresa,Lynch,tlynche4@java.com,Female,9 Sachs Parkway,Czech Republic,2004-05-20,1995-11-07
510,Annie,Ward,awarde5@github.io,Female,750 Service Crossing,China,2002-08-07,1991-05-05
511,Kevin,Lopez,klopeze6@google.com.hk,Male,60220 Carioca Pass,Tunisia,2003-06-22,1999-04-09
512,Thomas,Garza,tgarzae7@i2i.jp,Male,14 Annamark Avenue,China,2003-07-19,1991-08-28
513,Ruth,Alexander,ralexandere8@barnesandnoble.com,Female,705 Hooker Way,China,2003-06-07,1991-11-25
514,Frances,Williamson,fwilliamsone9@statcounter.com,Female,5724 Dexter Street,Canada,2009-11-15,1990-09-01
515,Earl,Ramos,eramosea@latimes.com,Male,1 Springs Pass,Brazil,2009-12-07,1991-07-27
516,Margaret,Morrison,mmorrisoneb@newyorker.com,Female,16063 Stuart Hill,Indonesia,2002-09-11,1992-12-28
517,Margaret,Hansen,mhansenec@techcrunch.com,Female,0 Melvin Park,Kenya,2012-03-07,1997-08-08
518,Scott,Payne,spayneed@tmall.com,Male,06 Gerald Avenue,China,2012-03-05,1991-08-24
519,Andrew,Hansen,ahansenee@opensource.org,Male,35557 Kennedy Place,Portugal,2009-09-13,1993-08-30
520,Ralph,Jordan,rjordanef@bloomberg.com,Male,4533 Pennsylvania Pass,Kenya,2002-11-28,1992-01-03
521,Jeffrey,Matthews,jmatthewseg@sakura.ne.jp,Male,84750 Schlimgen Plaza,China,2003-09-05,1996-05-22
522,Roy,Payne,rpayneeh@ihg.com,Male,39999 Bartelt Terrace,Nigeria,2012-12-19,1993-09-21
523,Keith,Harper,kharperei@woothemes.com,Male,12004 Knutson Drive,Russia,2010-02-21,1990-11-14
524,Cynthia,Warren,cwarrenej@wikimedia.org,Female,926 Shelley Street,Philippines,2016-07-22,1996-06-03
525,Scott,Miller,smillerek@github.com,Male,98 Becker Drive,China,2001-04-17,1995-01-22
526,Amy,Henry,ahenryel@amazon.co.jp,Female,04638 Gateway Trail,South Korea,2004-01-27,1993-08-04
527,Michael,Palmer,mpalmerem@msn.com,Male,3 Division Point,Panama,2007-05-22,1994-01-23
528,Adam,Rice,ariceen@ft.com,Male,6 Sloan Pass,Sweden,2010-06-02,1997-11-13
529,Roger,Willis,rwilliseo@dailymotion.com,Male,02349 Jenna Place,Guatemala,2002-03-22,1992-02-29
530,Jose,Elliott,jelliottep@unesco.org,Male,579 Petterle Circle,Guatemala,2015-09-12,1995-03-06
531,Raymond,Harris,rharriseq@skyrock.com,Male,73886 Dunning Alley,Poland,2007-07-06,1995-07-14
532,Eugene,Carr,ecarrer@51.la,Male,45 Clemons Street,France,2010-02-16,1995-09-25
533,Raymond,Wilson,rwilsones@ihg.com,Male,24 Sunnyside Center,Indonesia,2014-03-08,1993-05-24
534,Gary,Watson,gwatsonet@wikia.com,Male,61 Pankratz Road,Indonesia,2003-08-05,1991-03-28
535,Douglas,Fuller,dfullereu@wisc.edu,Male,88922 Vidon Point,Syria,2015-07-15,1996-10-03
536,Anne,Rogers,arogersev@pinterest.com,Female,4 Northland Alley,Peru,2014-05-29,1992-08-26
537,Sean,Ward,swardew@ebay.com,Male,2 Granby Point,Colombia,2012-05-14,1993-05-02
538,Joyce,Hernandez,jhernandezex@so-net.ne.jp,Female,1496 Ohio Street,Brazil,2012-06-01,1992-07-11
539,Joshua,Green,jgreeney@samsung.com,Male,74 Brickson Park Road,Colombia,2015-07-07,1995-02-13
540,David,King,dkingez@edublogs.org,Male,59538 Golden Leaf Crossing,Poland,2009-08-28,1993-04-07
541,Donald,Cole,dcolef0@dropbox.com,Male,077 Roxbury Court,Argentina,2015-01-05,1999-06-01
542,Norma,Hughes,nhughesf1@gmpg.org,Female,51311 Kedzie Hill,United Kingdom,2001-11-30,1995-02-21
543,Terry,Bell,tbellf2@jiathis.com,Male,3 Dahle Drive,Armenia,2012-03-04,1996-07-14
544,Tina,Dean,tdeanf3@printfriendly.com,Female,12191 Farragut Pass,Venezuela,2004-06-17,1992-08-14
545,Mildred,Harper,mharperf4@sphinn.com,Female,4 Huxley Hill,Poland,2003-11-22,1993-07-12
546,Anne,Henderson,ahendersonf5@wordpress.com,Female,33580 Anniversary Way,Pakistan,2011-06-17,1998-02-20
547,Alice,Stewart,astewartf6@columbia.edu,Female,62752 South Trail,Haiti,2014-07-09,1998-09-12
548,Marie,Cole,mcolef7@devhub.com,Female,3943 Fisk Hill,China,2003-10-10,1993-11-12
549,Donald,Cooper,dcooperf8@ehow.com,Male,8707 Butternut Place,Brazil,2014-04-07,1998-05-27
550,Catherine,Ortiz,cortizf9@google.it,Female,10 Laurel Street,China,2006-11-08,1996-05-24
551,George,James,gjamesfa@reverbnation.com,Male,4465 Buell Terrace,Russia,2012-11-16,1997-01-19
552,Tammy,Mendoza,tmendozafb@feedburner.com,Female,566 Barnett Junction,Philippines,2010-04-22,1999-02-23
553,Shirley,Day,sdayfc@icq.com,Female,45 Mayer Street,China,2015-06-03,1999-05-07
554,Julie,Martinez,jmartinezfd@devhub.com,Female,62919 Dottie Way,Pakistan,2014-11-19,1997-02-24
555,Carolyn,Hill,chillfe@qq.com,Female,60641 John Wall Court,Tajikistan,2009-10-15,1998-12-18
556,Andrea,Garza,agarzaff@army.mil,Female,4484 Boyd Way,Zimbabwe,2005-12-16,1994-07-03
557,Stephanie,Rodriguez,srodriguezfg@youtu.be,Female,2159 Meadow Vale Way,Sierra Leone,2009-03-11,1994-05-24
558,David,Foster,dfosterfh@fotki.com,Male,20 Charing Cross Way,Indonesia,2010-07-18,1996-02-07
559,Harold,Robinson,hrobinsonfi@rediff.com,Male,1222 Corry Avenue,Brazil,2014-01-26,1999-03-18
560,Susan,Stephens,sstephensfj@gizmodo.com,Female,35201 Merchant Place,Indonesia,2015-11-18,1998-03-02
561,Christopher,Jones,cjonesfk@linkedin.com,Male,09 Sullivan Alley,Poland,2006-03-05,1995-08-05
562,Nancy,Weaver,nweaverfl@reverbnation.com,Female,2 Westerfield Terrace,France,2011-01-08,1999-05-04
563,Julie,Nelson,jnelsonfm@apache.org,Female,2098 Monterey Junction,Netherlands,2008-05-28,1990-12-31
564,Kathleen,Wells,kwellsfn@dailymotion.com,Female,9 Schlimgen Hill,China,2000-12-24,1991-07-15
565,Arthur,Gonzales,agonzalesfo@shareasale.com,Male,1 Oneill Way,Philippines,2001-11-14,1996-01-20
566,Kathleen,Roberts,krobertsfp@nps.gov,Female,579 2nd Plaza,Greece,2010-07-27,1992-11-15
567,Shawn,Wheeler,swheelerfq@tripod.com,Male,43092 Moose Court,China,2014-09-25,1991-04-24
568,Julie,Wilson,jwilsonfr@list-manage.com,Female,21006 Chinook Terrace,Nigeria,2009-09-24,1999-05-16
569,Todd,Black,tblackfs@slideshare.net,Male,87664 Hazelcrest Park,Thailand,2001-10-18,1995-06-19
570,Diane,Robinson,drobinsonft@pcworld.com,Female,0565 American Ash Trail,Indonesia,2011-11-09,1993-07-12
571,Richard,Brooks,rbrooksfu@dion.ne.jp,Male,2 Northwestern Pass,Nigeria,2015-04-07,1994-02-24
572,Shawn,Arnold,sarnoldfv@dell.com,Male,76 Golden Leaf Road,China,2009-06-07,1998-09-11
573,Irene,Harvey,iharveyfw@china.com.cn,Female,52 5th Plaza,Senegal,2010-03-31,1998-09-26
574,Gerald,Walker,gwalkerfx@examiner.com,Male,03 Novick Plaza,Zimbabwe,2015-04-12,1997-12-25
575,Frank,Burton,fburtonfy@ucsd.edu,Male,898 Barnett Court,Canada,2005-11-06,1999-01-26
576,Jeffrey,Stanley,jstanleyfz@miibeian.gov.cn,Male,8688 Sachtjen Street,Greece,2012-02-24,1992-09-23
577,Roger,Shaw,rshawg0@imdb.com,Male,645 Dexter Avenue,Portugal,2013-12-12,1997-11-27
578,Adam,Williams,awilliamsg1@wp.com,Male,848 Darwin Crossing,Poland,2010-09-05,1999-08-14
579,Stephanie,Mccoy,smccoyg2@bravesites.com,Female,67705 Chinook Place,Afghanistan,2015-09-11,1996-03-14
580,Kelly,James,kjamesg3@nps.gov,Female,9798 Dapin Terrace,Indonesia,2013-07-14,1993-08-04
581,Samuel,Knight,sknightg4@timesonline.co.uk,Male,16 Lyons Avenue,Philippines,2015-10-11,1992-10-18
582,Ernest,Williams,ewilliamsg5@intel.com,Male,8 Marquette Way,Denmark,2009-12-12,1991-09-14
583,Theresa,Vasquez,tvasquezg6@dailymail.co.uk,Female,1500 Eggendart Junction,China,2010-01-09,1999-01-23
584,Deborah,Hughes,dhughesg7@msn.com,Female,3 Schiller Parkway,Brazil,2013-06-29,1999-03-27
585,Phyllis,Harper,pharperg8@senate.gov,Female,0 Cambridge Alley,Greece,2006-03-05,1993-07-29
586,Jacqueline,Smith,jsmithg9@webeden.co.uk,Female,1128 School Circle,Indonesia,2011-11-04,1992-08-22
587,Christina,Fowler,cfowlerga@princeton.edu,Female,912 Talmadge Trail,Philippines,2016-01-05,1995-09-24
588,Kevin,Oliver,kolivergb@trellian.com,Male,8 Dunning Place,North Korea,2007-02-13,1993-12-06
589,Jacqueline,Jacobs,jjacobsgc@paginegialle.it,Female,98 Reindahl Hill,Mongolia,2009-07-24,1993-03-30
590,Gerald,Gilbert,ggilbertgd@house.gov,Male,69758 Loeprich Parkway,China,2011-03-30,1995-04-27
591,Rachel,Dunn,rdunnge@latimes.com,Female,6 Monica Junction,China,2010-02-18,1992-12-02
592,Jesse,Stone,jstonegf@wunderground.com,Male,228 Lien Alley,Bosnia and Herzegovina,2006-09-22,1995-11-03
593,Janet,Scott,jscottgg@tripadvisor.com,Female,125 Old Shore Park,Sweden,2005-02-22,1996-06-06
594,Nicholas,Harvey,nharveygh@woothemes.com,Male,635 Park Meadow Hill,Kiribati,2009-03-16,1991-08-21
595,Shawn,Mason,smasongi@wikispaces.com,Male,2 Toban Avenue,China,2012-08-01,1997-01-24
596,Karen,Watkins,kwatkinsgj@devhub.com,Female,58 Trailsway Park,Philippines,2011-04-19,1997-10-03
597,Adam,Rivera,ariveragk@sakura.ne.jp,Male,776 Mockingbird Terrace,Argentina,2003-10-30,1991-01-25
598,Susan,Price,spricegl@mapy.cz,Female,796 Talmadge Pass,Ireland,2013-08-30,1998-05-12
599,Dorothy,Woods,dwoodsgm@msn.com,Female,0 Crownhardt Drive,China,2009-03-18,1994-11-09
600,Louise,Shaw,lshawgn@parallels.com,Female,51255 Hauk Avenue,Colombia,2006-09-15,1997-09-02
601,Linda,Carroll,lcarrollgo@kickstarter.com,Female,0831 Bunting Way,China,2014-03-28,1993-02-10
602,Theresa,Stone,tstonegp@hao123.com,Female,79844 Mccormick Road,Canada,2005-01-16,1996-09-02
603,Scott,Davis,sdavisgq@flavors.me,Male,533 Waxwing Court,Poland,2014-02-22,1998-10-10
604,Donald,White,dwhitegr@facebook.com,Male,04 Cambridge Point,Kazakhstan,2012-04-12,1990-12-08
605,Louis,Diaz,ldiazgs@dell.com,Male,4 Shopko Hill,Brazil,2005-10-17,1998-09-12
606,Jack,Cruz,jcruzgt@seesaa.net,Male,821 Delladonna Park,Brazil,2008-03-18,1991-05-15
607,Mildred,Oliver,molivergu@tinypic.com,Female,7 Fremont Way,Myanmar,2014-10-23,1993-06-28
608,Timothy,Alvarez,talvarezgv@walmart.com,Male,70 Haas Crossing,Indonesia,2005-03-05,1997-11-28
609,Jeremy,Lawrence,jlawrencegw@msn.com,Male,9556 Randy Avenue,Luxembourg,2005-02-04,1994-11-24
610,Arthur,Matthews,amatthewsgx@sourceforge.net,Male,7358 Magdeline Point,Bhutan,2012-02-19,1994-09-23
611,Judith,Nelson,jnelsongy@cisco.com,Female,60563 Schmedeman Street,Russia,2011-12-27,1993-08-23
612,Linda,Hart,lhartgz@diigo.com,Female,6 Brown Alley,Bulgaria,2009-05-11,1995-07-28
613,Ronald,Cox,rcoxh0@dailymotion.com,Male,75824 Talmadge Avenue,Mexico,2008-03-22,1999-04-20
614,Carlos,Daniels,cdanielsh1@parallels.com,Male,63 Oxford Way,Yemen,2013-07-06,1991-12-06
615,Phyllis,Williams,pwilliamsh2@ebay.co.uk,Female,12165 Golf Court,Indonesia,2001-11-25,1992-03-29
616,Doris,Brown,dbrownh3@princeton.edu,Female,23947 Norway Maple Pass,Greece,2012-05-18,1992-01-16
617,Joyce,Martin,jmartinh4@skyrock.com,Female,16311 Crescent Oaks Center,China,2011-11-01,1994-11-12
618,Paul,Green,pgreenh5@hibu.com,Male,3603 Grayhawk Hill,Poland,2000-12-10,1999-03-20
619,James,Garza,jgarzah6@cam.ac.uk,Male,9141 Golf Hill,Iran,2001-04-10,1991-03-30
620,Steve,Burton,sburtonh7@simplemachines.org,Male,03158 Blaine Alley,South Africa,2004-11-18,1998-12-22
621,Harry,Reed,hreedh8@oakley.com,Male,72 Mcbride Alley,Russia,2001-09-02,1999-03-03
622,Debra,Matthews,dmatthewsh9@wired.com,Female,7 Laurel Junction,Honduras,2010-05-01,1998-05-15
623,Kathy,Ford,kfordha@howstuffworks.com,Female,99 Monica Road,China,2001-10-13,1994-12-06
624,Judith,Shaw,jshawhb@psu.edu,Female,3333 Sommers Place,Russia,2004-09-01,1991-04-14
625,Louis,Morales,lmoraleshc@behance.net,Male,93 Kingsford Way,Vietnam,2016-03-25,1991-03-22
626,Philip,George,pgeorgehd@house.gov,Male,7 Longview Terrace,Mexico,2008-07-21,1997-02-19
627,Emily,Woods,ewoodshe@google.co.jp,Female,5015 Maywood Park,Mauritius,2006-01-13,1999-08-10
628,Keith,Butler,kbutlerhf@freewebs.com,Male,3205 Doe Crossing Parkway,China,2007-03-14,1994-02-22
629,Roger,Medina,rmedinahg@miitbeian.gov.cn,Male,68 Meadow Ridge Avenue,Brazil,2002-09-25,1997-04-19
630,Jimmy,West,jwesthh@unblog.fr,Male,17 Oak Valley Way,Pakistan,2001-01-28,1994-02-06
631,Roger,Gilbert,rgilberthi@amazon.co.jp,Male,607 Crowley Alley,Indonesia,2007-06-25,1994-08-13
632,Brian,Burton,bburtonhj@com.com,Male,346 Mayer Crossing,China,2011-02-15,1991-03-22
633,Wayne,Taylor,wtaylorhk@google.it,Male,87 Utah Park,Philippines,2014-04-15,1992-12-13
634,Ernest,Simpson,esimpsonhl@hhs.gov,Male,1 Pawling Park,Argentina,2013-08-18,1997-12-10
635,Pamela,Hall,phallhm@wisc.edu,Female,5353 Quincy Junction,Brazil,2007-04-12,1998-03-02
636,Cynthia,Lawson,clawsonhn@multiply.com,Female,188 Coleman Place,France,2002-04-04,1997-04-07
637,Kevin,Moore,kmooreho@goodreads.com,Male,60 Portage Road,China,2003-05-23,1991-05-27
638,Roger,Mccoy,rmccoyhp@mlb.com,Male,768 Nova Alley,Brazil,2001-09-18,1995-02-12
639,Margaret,Weaver,mweaverhq@discuz.net,Female,06 Lakeland Trail,Finland,2006-08-27,1997-10-05
640,Margaret,Webb,mwebbhr@furl.net,Female,47053 Morningstar Place,Indonesia,2006-07-10,1990-10-24
641,Peter,Cook,pcookhs@is.gd,Male,009 Kropf Plaza,Thailand,2007-07-21,1996-01-25
642,Theresa,Chapman,tchapmanht@friendfeed.com,Female,3 Brentwood Way,Syria,2014-10-18,1994-09-04
643,Todd,Gilbert,tgilberthu@mashable.com,Male,380 Bashford Parkway,Brazil,2010-02-22,1998-09-23
644,Amy,Jones,ajoneshv@who.int,Female,6 Village Green Lane,Swaziland,2015-05-18,1998-02-14
645,Jane,Black,jblackhw@about.com,Female,86281 Dovetail Circle,Indonesia,2012-10-22,1993-04-30
646,Brian,Elliott,belliotthx@booking.com,Male,286 Service Plaza,China,2014-06-06,1992-07-16
647,Craig,Meyer,cmeyerhy@opensource.org,Male,09627 East Pass,China,2014-05-21,1999-04-19
648,Michelle,Carr,mcarrhz@pcworld.com,Female,09171 Amoth Center,Sweden,2012-12-18,1994-07-03
649,Bonnie,Simmons,bsimmonsi0@army.mil,Female,4157 Crest Line Road,Marshall Islands,2013-08-27,1992-01-14
650,Julia,Ryan,jryani1@huffingtonpost.com,Female,0742 Oxford Center,China,2002-10-04,1996-10-02
651,Joan,Stevens,jstevensi2@buzzfeed.com,Female,9 Boyd Trail,China,2002-04-22,1995-01-30
652,Mildred,Mendoza,mmendozai3@cornell.edu,Female,1044 Main Parkway,China,2003-09-29,1993-04-01
653,Stephanie,Snyder,ssnyderi4@rambler.ru,Female,955 Pankratz Terrace,China,2007-04-15,1994-03-21
654,Patrick,Robinson,probinsoni5@biblegateway.com,Male,0670 Sachs Center,Russia,2009-11-19,1995-02-21
655,Kenneth,Morris,kmorrisi6@cnet.com,Male,92 Talisman Circle,Indonesia,2005-10-08,1993-05-29
656,Janice,Alvarez,jalvarezi7@hao123.com,Female,00 Troy Junction,New Zealand,2003-02-26,1994-07-15
657,Katherine,Alexander,kalexanderi8@umich.edu,Female,14996 Starling Avenue,Portugal,2005-08-14,1991-03-01
658,Ruth,Garrett,rgarretti9@github.io,Female,69790 Mosinee Place,Indonesia,2010-05-28,1993-05-10
659,Joyce,Ward,jwardia@goodreads.com,Female,366 Northview Road,China,2004-10-27,1993-07-06
660,Catherine,Larson,clarsonib@addthis.com,Female,90 Sheridan Pass,Gambia,2001-04-12,1999-04-30
661,Emily,Rose,eroseic@businessinsider.com,Female,3 Brown Lane,Indonesia,2012-12-05,1994-03-28
662,Eric,Kelley,ekelleyid@blinklist.com,Male,4301 Steensland Place,Latvia,2002-12-24,1998-06-26
663,Wayne,Willis,wwillisie@hibu.com,Male,09 Del Mar Trail,China,2001-11-25,1996-01-05
664,Cynthia,Rose,croseif@narod.ru,Female,12831 Declaration Avenue,Sweden,2003-12-08,1996-09-24
665,Ronald,Gibson,rgibsonig@furl.net,Male,28203 Namekagon Plaza,Afghanistan,2002-07-16,1996-03-02
666,Theresa,Black,tblackih@hud.gov,Female,28279 Carpenter Court,Philippines,2011-09-11,1990-09-15
667,Amy,Hansen,ahansenii@icq.com,Female,6 Namekagon Place,Brazil,2004-06-08,1996-12-03
668,Christine,Morgan,cmorganij@rakuten.co.jp,Female,4 Hooker Avenue,China,2003-07-08,1992-02-10
669,Christina,Bishop,cbishopik@wikimedia.org,Female,794 Eastwood Way,Syria,2014-10-02,1999-04-04
670,Christina,Graham,cgrahamil@reverbnation.com,Female,67030 Buhler Court,Sweden,2008-09-18,1994-03-25
671,Joseph,James,jjamesim@ezinearticles.com,Male,257 Spenser Street,Brazil,2002-06-28,1991-03-18
672,Christina,Wheeler,cwheelerin@cyberchimps.com,Female,18 Novick Street,Indonesia,2001-06-16,1998-03-24
673,Joseph,Bailey,jbaileyio@ezinearticles.com,Male,684 Glacier Hill Court,France,2010-01-04,1991-05-28
674,Carlos,Palmer,cpalmerip@forbes.com,Male,1168 Schmedeman Street,Sweden,2009-07-11,1997-02-01
675,Theresa,Sanders,tsandersiq@nih.gov,Female,14 Loeprich Hill,Serbia,2016-03-13,1994-06-22
676,Brian,Hall,bhallir@e-recht24.de,Male,0770 Charing Cross Hill,Slovenia,2013-12-04,1994-05-20
677,Emily,Palmer,epalmeris@abc.net.au,Female,99209 Anzinger Park,Macedonia,2005-05-01,1993-10-23
678,Denise,Martin,dmartinit@desdev.cn,Female,14605 Mccormick Parkway,Serbia,2001-08-27,1995-11-11
679,Virginia,Morris,vmorrisiu@simplemachines.org,Female,40 Debra Plaza,Colombia,2002-05-21,1991-03-15
680,Christopher,Gibson,cgibsoniv@independent.co.uk,Male,95 Fisk Point,China,2007-02-01,1995-02-18
681,Joshua,Sanchez,jsancheziw@example.com,Male,764 Everett Way,Indonesia,2012-02-17,1993-04-23
682,Raymond,Stone,rstoneix@youku.com,Male,733 Sycamore Road,Germany,2002-01-13,1994-06-05
683,Christine,Boyd,cboydiy@ibm.com,Female,056 High Crossing Point,Indonesia,2014-04-28,1997-12-19
684,Ashley,Kelly,akellyiz@dell.com,Female,9 Lien Drive,Indonesia,2012-05-06,1995-11-17
685,Nancy,Hanson,nhansonj0@netvibes.com,Female,3 Tennessee Junction,Colombia,2007-12-23,1990-12-20
686,Theresa,Carr,tcarrj1@comsenz.com,Female,295 Vernon Junction,Sweden,2003-03-30,1991-01-05
687,John,Fuller,jfullerj2@google.pl,Male,69 Summit Parkway,Belarus,2011-10-15,1994-01-02
688,James,Lopez,jlopezj3@constantcontact.com,Male,108 Johnson Hill,Philippines,2012-06-01,1997-11-17
689,Julia,Williamson,jwilliamsonj4@springer.com,Female,1 Mallard Road,China,2007-11-27,1990-09-25
690,Walter,Mitchell,wmitchellj5@arizona.edu,Male,4870 Lukken Junction,China,2007-01-09,1997-01-04
691,Billy,Fuller,bfullerj6@i2i.jp,Male,82 Northfield Circle,Portugal,2015-05-15,1997-11-03
692,Richard,Perez,rperezj7@blogs.com,Male,01 Bluestem Road,Czech Republic,2008-03-12,1998-08-10
693,Bonnie,Henry,bhenryj8@bbc.co.uk,Female,67267 Kensington Way,Philippines,2001-05-28,1999-02-16
694,Kathy,Carpenter,kcarpenterj9@barnesandnoble.com,Female,009 Coolidge Drive,Indonesia,2003-03-29,1997-04-15
695,Charles,Mccoy,cmccoyja@sciencedirect.com,Male,0119 Main Street,Portugal,2009-08-18,1997-06-17
696,Jason,Burns,jburnsjb@dyndns.org,Male,57794 Moland Crossing,Philippines,2009-05-25,1995-05-04
697,Shawn,Rice,sricejc@live.com,Male,52 Granby Court,China,2015-05-18,1994-11-29
698,Marilyn,Ruiz,mruizjd@acquirethisname.com,Female,211 Dunning Crossing,France,2010-04-19,1995-07-26
699,Kathryn,Black,kblackje@tiny.cc,Female,8 Sugar Street,Philippines,2013-05-15,1991-08-14
700,Justin,Graham,jgrahamjf@nih.gov,Male,38 Warner Way,United States,2004-06-14,1993-01-28
701,Sandra,Reid,sreidjg@google.nl,Female,68618 Anderson Crossing,Colombia,2006-05-03,1995-10-13
702,Laura,Jacobs,ljacobsjh@issuu.com,Female,3903 Nevada Junction,Portugal,2012-02-06,1990-09-23
703,Aaron,Murray,amurrayji@wikipedia.org,Male,9 Manley Park,Indonesia,2009-12-30,1998-04-25
704,Maria,Pierce,mpiercejj@weibo.com,Female,4 Knutson Hill,Haiti,2015-08-24,1993-12-02
705,Martin,Weaver,mweaverjk@answers.com,Male,02571 American Parkway,Czech Republic,2009-11-14,1998-09-16
706,Elizabeth,Harper,eharperjl@biglobe.ne.jp,Female,47 Heath Center,Peru,2005-12-16,1993-10-29
707,Donna,Scott,dscottjm@spotify.com,Female,3283 Veith Plaza,Sweden,2001-12-17,1992-12-27
708,Robert,Burke,rburkejn@rakuten.co.jp,Male,5 Blue Bill Park Point,China,2001-09-08,1995-06-06
709,Beverly,Hayes,bhayesjo@ehow.com,Female,88 Mcbride Court,Indonesia,2013-03-23,1990-09-03
710,Jeremy,Kim,jkimjp@si.edu,Male,72 Eagle Crest Center,Poland,2007-02-19,1996-11-05
711,Roy,Russell,rrusselljq@accuweather.com,Male,7 Bunting Point,Vietnam,2004-12-01,1992-06-21
712,Paul,Stevens,pstevensjr@hud.gov,Male,389 Bluestem Street,China,2002-10-17,1991-10-12
713,Susan,Martinez,smartinezjs@altervista.org,Female,5864 Luster Road,China,2012-09-03,1996-05-17
714,Kelly,Wright,kwrightjt@buzzfeed.com,Female,65 4th Court,China,2015-09-05,1993-01-28
715,Teresa,Price,tpriceju@wordpress.com,Female,5750 Morning Road,China,2012-01-13,1997-01-25
716,Ralph,Little,rlittlejv@meetup.com,Male,570 Hanover Junction,Indonesia,2005-04-16,1996-06-08
717,Kevin,Lane,klanejw@disqus.com,Male,799 Dawn Street,China,2000-09-07,1998-09-07
718,Laura,Berry,lberryjx@ning.com,Female,0598 Scoville Park,Japan,2014-09-15,1990-10-31
719,Tina,Cooper,tcooperjy@delicious.com,Female,2657 Hallows Crossing,Saudi Arabia,2014-06-24,1997-07-31
720,Jane,Carpenter,jcarpenterjz@google.cn,Female,3303 Duke Point,Mali,2013-12-10,1999-02-25
721,Larry,Daniels,ldanielsk0@npr.org,Male,290 Lotheville Circle,France,2012-10-31,1996-05-20
722,Russell,Kelly,rkellyk1@macromedia.com,Male,67333 Thierer Street,Brazil,2013-09-09,1996-12-04
723,Eugene,Russell,erussellk2@histats.com,Male,1 Ridgeway Pass,Poland,2016-08-10,1993-01-22
724,Rose,Hill,rhillk3@msn.com,Female,070 Marquette Hill,Indonesia,2004-12-22,1996-12-16
725,Fred,Murray,fmurrayk4@people.com.cn,Male,61843 Cottonwood Lane,France,2009-10-06,1999-06-05
726,Billy,Evans,bevansk5@sciencedirect.com,Male,1829 Derek Terrace,Philippines,2007-08-23,1996-06-12
727,Sarah,Peterson,spetersonk6@hhs.gov,Female,32 Acker Terrace,China,2003-11-16,1994-01-30
728,Maria,Watkins,mwatkinsk7@friendfeed.com,Female,5514 Crownhardt Way,Thailand,2013-05-11,1998-04-30
729,Joyce,Lynch,jlynchk8@spiegel.de,Female,0800 Myrtle Place,Poland,2006-05-15,1993-01-03
730,Todd,Daniels,tdanielsk9@slashdot.org,Male,9774 Lien Lane,China,2010-03-29,1991-03-24
731,Debra,Stone,dstoneka@squidoo.com,Female,01 Stephen Junction,Poland,2012-08-04,1993-09-14
732,Thomas,Matthews,tmatthewskb@imdb.com,Male,6426 Lighthouse Bay Center,Brazil,2003-04-02,1997-05-03
733,Gloria,Fox,gfoxkc@chronoengine.com,Female,2 Burning Wood Hill,Indonesia,2013-08-25,1990-11-02
734,Annie,Mcdonald,amcdonaldkd@technorati.com,Female,0710 Rockefeller Hill,Russia,2003-02-03,1994-07-10
735,Ronald,Kelly,rkellyke@netscape.com,Male,62 Michigan Circle,Russia,2006-02-23,1992-08-20
736,Catherine,Harrison,charrisonkf@home.pl,Female,36 Farwell Plaza,Russia,2016-08-11,1994-02-14
737,Michael,Henderson,mhendersonkg@cbc.ca,Male,652 Merry Road,Bosnia and Herzegovina,2011-07-15,1991-07-14
738,Mary,Lawson,mlawsonkh@who.int,Female,0000 Surrey Place,Mongolia,2015-03-07,1996-12-28
739,Billy,Freeman,bfreemanki@umich.edu,Male,31 Schurz Parkway,Ireland,2009-12-02,1992-10-24
740,Virginia,Murphy,vmurphykj@answers.com,Female,8893 Onsgard Crossing,France,2001-10-30,1996-03-03
741,Teresa,Burke,tburkekk@technorati.com,Female,4060 Lighthouse Bay Court,Poland,2008-06-02,1999-07-27
742,Katherine,Hunter,khunterkl@ox.ac.uk,Female,75 Blackbird Place,Albania,2012-08-01,1994-09-03
743,Janice,Medina,jmedinakm@newyorker.com,Female,76 Superior Way,Thailand,2004-09-14,1998-06-12
744,Evelyn,Young,eyoungkn@umich.edu,Female,89 Thackeray Drive,Poland,2001-10-20,1998-04-16
745,Michael,Cooper,mcooperko@wired.com,Male,35 Oak Parkway,Argentina,2004-06-14,1999-06-30
746,Adam,Russell,arussellkp@cam.ac.uk,Male,3 Coleman Center,Sweden,2010-02-23,1991-07-02
747,Douglas,Banks,dbankskq@hibu.com,Male,60273 Harbort Junction,Bulgaria,2010-03-14,1997-09-22
748,Stephen,Reed,sreedkr@ed.gov,Male,16493 Crest Line Place,Malaysia,2006-06-02,1992-02-01
749,Bobby,Wallace,bwallaceks@bandcamp.com,Male,3 Clarendon Point,Tunisia,2002-09-13,1997-05-31
750,Annie,Bennett,abennettkt@adobe.com,Female,09 Sundown Way,China,2011-08-03,1996-07-05
751,Katherine,Smith,ksmithku@discovery.com,Female,3 Donald Drive,Nepal,2007-11-25,1995-09-12
752,Paul,Welch,pwelchkv@intel.com,Male,3732 Garrison Court,Czech Republic,2006-02-02,1997-05-01
753,Billy,Thomas,bthomaskw@engadget.com,Male,0 Pepper Wood Place,Netherlands,2009-09-27,1997-12-29
754,Jeremy,Payne,jpaynekx@1688.com,Male,183 Muir Drive,Chile,2014-05-11,1998-10-29
755,Brandon,Hall,bhallky@people.com.cn,Male,0 Victoria Lane,Chad,2003-05-24,1993-05-15
756,Adam,Gibson,agibsonkz@imdb.com,Male,5 Forster Plaza,Thailand,2000-09-28,1991-05-21
757,Alice,Greene,agreenel0@time.com,Female,484 Division Pass,Latvia,2012-03-04,1993-09-27
758,Clarence,Kim,ckiml1@stumbleupon.com,Male,54 Oriole Circle,Russia,2010-01-28,1996-12-28
759,Robert,Simpson,rsimpsonl2@accuweather.com,Male,36800 Dennis Drive,Philippines,2016-06-12,1993-12-23
760,Virginia,Duncan,vduncanl3@guardian.co.uk,Female,601 Scofield Terrace,China,2015-07-20,1999-01-05
761,Melissa,King,mkingl4@blogtalkradio.com,Female,49824 Bluestem Parkway,Dominican Republic,2008-11-19,1998-11-04
762,Chris,Gonzales,cgonzalesl5@nhs.uk,Male,0763 Holy Cross Alley,Indonesia,2004-11-24,1994-06-20
763,Diane,Williams,dwilliamsl6@exblog.jp,Female,81516 Westend Point,Czech Republic,2012-02-22,1997-12-25
764,Kevin,Boyd,kboydl7@walmart.com,Male,6 Sheridan Point,Portugal,2007-07-10,1993-12-04
765,Nancy,Richards,nrichardsl8@lycos.com,Female,27 Evergreen Place,Brazil,2006-10-18,1992-03-26
766,Howard,Cole,hcolel9@histats.com,Male,397 Helena Circle,Kosovo,2014-07-23,1997-05-01
767,Louise,Carroll,lcarrollla@barnesandnoble.com,Female,11 Merry Trail,Poland,2008-06-11,1998-09-28
768,Betty,Reed,breedlb@wunderground.com,Female,4339 Forster Circle,Myanmar,2013-10-10,1994-10-22
769,Tina,Pierce,tpiercelc@shop-pro.jp,Female,61 Northfield Place,Czech Republic,2003-03-08,1995-12-22
770,Larry,Howard,lhowardld@live.com,Male,0721 Sunbrook Way,China,2001-07-17,1997-02-03
771,Gerald,Hawkins,ghawkinsle@apple.com,Male,444 Hanover Hill,Indonesia,2011-05-24,1990-09-28
772,Keith,Hansen,khansenlf@noaa.gov,Male,6 Anthes Trail,South Africa,2010-11-22,1997-09-22
773,Diane,Hall,dhalllg@skype.com,Female,49393 American Ash Junction,Indonesia,2004-01-20,1994-02-26
774,Bruce,Bowman,bbowmanlh@unblog.fr,Male,514 Dahle Drive,Portugal,2015-03-11,1991-08-26
775,Peter,Russell,prussellli@geocities.jp,Male,0959 Mockingbird Terrace,Brazil,2015-06-15,1991-05-01
776,Carolyn,Holmes,cholmeslj@ca.gov,Female,81963 Sauthoff Avenue,Brazil,2007-08-17,1995-04-12
777,Susan,Carpenter,scarpenterlk@japanpost.jp,Female,411 Continental Park,Thailand,2002-06-10,1992-07-13
778,Norma,Stone,nstonell@google.nl,Female,49 Kenwood Street,China,2011-01-15,1999-02-27
779,Kenneth,Howard,khowardlm@smugmug.com,Male,49714 Green Pass,Russia,2010-05-02,1998-07-30
780,Pamela,Sullivan,psullivanln@dagondesign.com,Female,978 Golden Leaf Pass,France,2001-04-04,1996-06-26
781,Evelyn,Henderson,ehendersonlo@bing.com,Female,0651 Anzinger Pass,Kenya,2003-09-06,1992-12-07
782,Sara,Fowler,sfowlerlp@yellowbook.com,Female,47 Wayridge Way,Colombia,2009-10-07,1997-04-05
783,Jimmy,Hanson,jhansonlq@ovh.net,Male,6 Sherman Pass,Poland,2014-12-19,1998-11-05
784,Janet,Wells,jwellslr@stanford.edu,Female,586 Pierstorff Place,South Africa,2008-05-30,1998-06-01
785,Craig,Martin,cmartinls@wikimedia.org,Male,6112 Bowman Avenue,Colombia,2002-10-31,1995-06-24
786,Christine,Chapman,cchapmanlt@squarespace.com,Female,59288 Arapahoe Avenue,Indonesia,2013-06-11,1996-07-13
787,Lois,Vasquez,lvasquezlu@auda.org.au,Female,9 Maryland Terrace,China,2013-04-10,1994-06-30
788,Stephen,Hill,shilllv@guardian.co.uk,Male,40 American Lane,Japan,2010-11-21,1993-10-07
789,Patrick,Hunter,phunterlw@google.fr,Male,4499 Elmside Crossing,China,2009-10-23,1998-04-18
790,Dennis,Carroll,dcarrolllx@berkeley.edu,Male,3793 Dovetail Pass,Thailand,2016-07-13,1990-09-15
791,Kathy,Fernandez,kfernandezly@slideshare.net,Female,4 Lake View Point,Philippines,2012-12-27,1995-07-05
792,Michael,Ellis,mellislz@unicef.org,Male,32 Arizona Place,France,2004-02-26,1995-03-24
793,Dennis,Perkins,dperkinsm0@imdb.com,Male,4 Fisk Circle,Philippines,2011-02-12,1999-03-05
794,Roger,Cole,rcolem1@howstuffworks.com,Male,0 Atwood Circle,China,2012-01-20,1991-12-15
795,Harold,Gordon,hgordonm2@nytimes.com,Male,6 Melrose Junction,China,2012-12-27,1996-10-15
796,Amanda,Wood,awoodm3@cisco.com,Female,7131 Kingsford Parkway,China,2004-08-19,1999-07-07
797,Jeffrey,Arnold,jarnoldm4@nps.gov,Male,509 School Center,Uruguay,2015-02-11,1998-09-30
798,Phyllis,Daniels,pdanielsm5@answers.com,Female,8752 Ridge Oak Hill,Azerbaijan,2010-11-29,1996-02-23
799,Raymond,Bennett,rbennettm6@printfriendly.com,Male,54 Muir Court,Sweden,2010-04-18,1999-05-08
800,Joshua,Ray,jraym7@illinois.edu,Male,9010 Portage Place,Panama,2015-09-05,1998-09-06
801,Bonnie,Frazier,bfrazierm8@arstechnica.com,Female,496 Hayes Alley,Indonesia,2012-12-24,1994-05-03
802,Jerry,Snyder,jsnyderm9@seesaa.net,Male,0 Dennis Pass,China,2012-07-04,1997-11-16
803,Jeremy,Hill,jhillma@engadget.com,Male,3 Carberry Hill,Philippines,2003-06-18,1996-04-22
804,Michael,Thompson,mthompsonmb@amazon.de,Male,9 Lunder Lane,Indonesia,2008-12-24,1997-03-21
805,Jane,Wilson,jwilsonmc@amazon.com,Female,96 American Park,China,2006-05-16,1998-12-08
806,Wayne,Schmidt,wschmidtmd@cafepress.com,Male,50354 Acker Junction,Iraq,2001-10-21,1995-03-29
807,Louise,Hughes,lhughesme@unc.edu,Female,824 Dapin Plaza,Canada,2005-01-07,1993-05-06
808,Christine,Clark,cclarkmf@barnesandnoble.com,Female,72 Sage Junction,Indonesia,2003-08-11,1998-05-22
809,Frances,Boyd,fboydmg@bravesites.com,Female,0517 David Parkway,Honduras,2010-11-02,1994-05-31
810,Margaret,Flores,mfloresmh@wix.com,Female,17 Kensington Circle,Indonesia,2014-10-22,1990-12-03
811,Louise,Bell,lbellmi@omniture.com,Female,450 Maywood Parkway,Russia,2015-03-23,1994-09-12
812,Evelyn,Martinez,emartinezmj@reverbnation.com,Female,91 South Drive,China,2007-03-16,1992-05-03
813,Kenneth,Butler,kbutlermk@livejournal.com,Male,1 Bonner Park,Honduras,2003-08-26,1996-06-15
814,Irene,Hall,ihallml@xing.com,Female,55 Weeping Birch Street,Norway,2013-08-31,1996-01-24
815,Margaret,Fisher,mfishermm@xing.com,Female,37 Sullivan Park,Indonesia,2001-12-26,1998-03-29
816,Elizabeth,Montgomery,emontgomerymn@chron.com,Female,02055 Canary Point,China,2011-03-04,1997-12-09
817,Norma,Alexander,nalexandermo@epa.gov,Female,04125 Dapin Point,Albania,2009-04-18,1996-10-28
818,Debra,Gutierrez,dgutierrezmp@i2i.jp,Female,53 Brown Road,South Africa,2004-01-20,1992-04-21
819,Melissa,Ross,mrossmq@admin.ch,Female,61057 Union Junction,Indonesia,2015-05-05,1995-01-08
820,George,Murray,gmurraymr@sogou.com,Male,511 Hovde Avenue,Ukraine,2005-03-22,1991-01-13
821,Denise,Rice,dricems@cmu.edu,Female,28 Gulseth Parkway,China,2015-12-16,1997-12-22
822,Denise,Wagner,dwagnermt@themeforest.net,Female,30 Warrior Court,Russia,2005-01-19,1990-12-05
823,Dorothy,Tucker,dtuckermu@oakley.com,Female,02 Debs Plaza,Micronesia,2001-08-09,1999-07-06
824,Scott,Lee,sleemv@elegantthemes.com,Male,16684 Swallow Center,Pakistan,2014-02-23,1993-11-20
825,Jeffrey,Barnes,jbarnesmw@addthis.com,Male,502 Packers Street,Russia,2006-07-25,1997-11-21
826,Carlos,Martin,cmartinmx@symantec.com,Male,05 Crest Line Drive,Indonesia,2003-12-04,1992-09-22
827,George,Morgan,gmorganmy@drupal.org,Male,93434 Arkansas Crossing,Ukraine,2004-12-18,1991-07-20
828,Thomas,Hawkins,thawkinsmz@friendfeed.com,Male,481 Delladonna Court,Ireland,2011-01-15,1994-06-23
829,Deborah,Torres,dtorresn0@a8.net,Female,7232 Springview Pass,Portugal,2008-07-31,1991-08-16
830,Tammy,Morrison,tmorrisonn1@vk.com,Female,3 Ronald Regan Junction,Poland,2015-12-17,1994-06-09
831,Earl,Webb,ewebbn2@multiply.com,Male,81 Jenna Plaza,China,2005-09-09,1991-08-12
832,Randy,Greene,rgreenen3@slate.com,Male,21 Nelson Hill,Argentina,2006-05-17,1993-08-15
833,Jerry,Rogers,jrogersn4@tumblr.com,Male,56921 Red Cloud Avenue,Nigeria,2011-10-21,1990-09-24
834,Jason,Smith,jsmithn5@is.gd,Male,69358 Hoepker Way,Azerbaijan,2014-09-25,1993-04-27
835,Kenneth,Webb,kwebbn6@seesaa.net,Male,44 Stoughton Hill,Uruguay,2005-10-20,1995-07-19
836,Nicholas,Williamson,nwilliamsonn7@ucsd.edu,Male,6645 Morningstar Road,Nigeria,2006-08-11,1994-09-22
837,Rose,Cole,rcolen8@google.com.hk,Female,14 Ridge Oak Point,Portugal,2009-02-02,1993-10-14
838,Teresa,Romero,tromeron9@scientificamerican.com,Female,9604 Amoth Terrace,China,2014-08-20,1992-06-25
839,Victor,Ward,vwardna@virginia.edu,Male,147 Corben Street,United States,2010-03-01,1998-02-03
840,Phillip,Roberts,probertsnb@weibo.com,Male,544 Elka Pass,Russia,2004-02-08,1999-04-30
841,Billy,Baker,bbakernc@wp.com,Male,66303 Bartillon Park,Japan,2003-12-26,1996-07-21
842,Amanda,Robinson,arobinsonnd@senate.gov,Female,3 Red Cloud Center,Ukraine,2006-09-06,1999-06-23
843,Joan,Ramos,jramosne@pinterest.com,Female,79 Corry Place,Venezuela,2005-02-25,1993-03-05
844,Laura,Rice,lricenf@theguardian.com,Female,70 Londonderry Alley,Czech Republic,2014-03-24,1999-07-07
845,Diana,Ray,drayng@paginegialle.it,Female,3006 Chinook Crossing,Cameroon,2015-06-12,1994-01-28
846,Roger,Little,rlittlenh@ovh.net,Male,4935 Northwestern Crossing,China,2011-08-31,1996-08-14
847,Paul,Garrett,pgarrettni@omniture.com,Male,99 Becker Crossing,Mauritius,2001-03-15,1992-01-13
848,Linda,Alvarez,lalvareznj@studiopress.com,Female,443 Arizona Park,Armenia,2010-04-13,1993-02-13
849,Angela,Elliott,aelliottnk@un.org,Female,6 Norway Maple Parkway,Mexico,2008-10-18,1993-10-12
850,Fred,Garza,fgarzanl@china.com.cn,Male,74285 Swallow Plaza,Malaysia,2009-07-31,1998-12-08
851,Beverly,Hunter,bhunternm@simplemachines.org,Female,588 Lillian Plaza,Peru,2009-08-03,1997-02-01
852,Cheryl,Palmer,cpalmernn@sourceforge.net,Female,8841 Lukken Court,Indonesia,2014-03-30,1996-11-30
853,Doris,Gordon,dgordonno@unicef.org,Female,9 Rigney Drive,South Korea,2012-02-07,1992-12-04
854,Robert,Ellis,rellisnp@devhub.com,Male,51 Almo Trail,Thailand,2002-09-15,1992-01-07
855,Todd,Kim,tkimnq@weather.com,Male,323 Mayer Road,Faroe Islands,2012-05-01,1999-02-13
856,Mark,Stone,mstonenr@google.com.hk,Male,033 David Road,Indonesia,2005-06-10,1991-12-05
857,Angela,James,ajamesns@bbc.co.uk,Female,3 Burning Wood Junction,China,2002-05-05,1991-02-26
858,Susan,Sanchez,ssancheznt@tumblr.com,Female,82 Leroy Parkway,Philippines,2012-03-02,1992-02-17
859,Carlos,Rogers,crogersnu@vinaora.com,Male,6859 Forest Run Plaza,China,2004-01-31,1996-05-26
860,William,Wheeler,wwheelernv@cocolog-nifty.com,Male,9351 Mockingbird Crossing,Malaysia,2006-11-20,1995-02-24
861,Barbara,Hicks,bhicksnw@webmd.com,Female,7820 Northport Alley,China,2012-05-05,1995-06-03
862,Adam,Reyes,areyesnx@omniture.com,Male,9 Sage Crossing,Sweden,2005-09-17,1993-07-29
863,Jimmy,Jones,jjonesny@theatlantic.com,Male,82439 Monterey Lane,China,2007-11-25,1996-01-01
864,Debra,Boyd,dboydnz@nsw.gov.au,Female,87208 Logan Park,Indonesia,2010-07-01,1990-10-26
865,David,Kelley,dkelleyo0@ox.ac.uk,Male,54 Moose Circle,Australia,2002-09-28,1998-07-05
866,Jessica,Allen,jalleno1@rediff.com,Female,01 Texas Point,France,2014-02-07,1991-09-27
867,Christine,Hanson,chansono2@twitpic.com,Female,0 Badeau Place,China,2007-11-17,1998-06-11
868,Antonio,Freeman,afreemano3@alexa.com,Male,9841 Parkside Place,United States,2011-10-18,1995-08-07
869,Kathryn,Boyd,kboydo4@elpais.com,Female,3 Utah Junction,Japan,2000-10-18,1995-01-30
870,Joe,Miller,jmillero5@sitemeter.com,Male,9658 Manley Way,China,2011-08-01,1993-03-12
871,Jacqueline,Roberts,jrobertso6@networkadvertising.org,Female,77553 David Place,Indonesia,2008-02-24,1991-06-11
872,Gerald,Hamilton,ghamiltono7@microsoft.com,Male,845 Dexter Parkway,Burkina Faso,2014-11-30,1992-11-08
873,Stephanie,Carroll,scarrollo8@dedecms.com,Female,57492 Moland Way,Albania,2005-01-28,1993-04-17
874,Ruby,Fisher,rfishero9@etsy.com,Female,79 Heffernan Crossing,China,2004-04-22,1992-05-18
875,Lois,Day,ldayoa@ucoz.com,Female,2 Tony Lane,China,2003-05-08,1997-08-21
876,Patrick,Harrison,pharrisonob@pcworld.com,Male,0 Del Mar Road,Poland,2008-03-01,1995-04-11
877,Marilyn,Peters,mpetersoc@over-blog.com,Female,15 Schmedeman Plaza,China,2015-09-18,1991-07-26
878,Robin,Baker,rbakerod@tmall.com,Female,2 Jenifer Street,China,2004-03-28,1991-11-08
879,George,Flores,gfloresoe@ed.gov,Male,05 Ridgeview Place,Indonesia,2014-08-04,1997-09-17
880,Bobby,Cox,bcoxof@list-manage.com,Male,061 School Way,China,2005-03-06,1994-12-02
881,Bobby,Brooks,bbrooksog@wix.com,Male,8620 Jackson Hill,China,2015-08-17,1994-01-10
882,David,George,dgeorgeoh@berkeley.edu,Male,41902 Clyde Gallagher Drive,Netherlands,2010-02-07,1998-03-17
883,Amanda,Allen,aallenoi@examiner.com,Female,95888 Mcguire Crossing,China,2000-09-09,1994-03-10
884,Todd,Ortiz,tortizoj@comsenz.com,Male,11 Del Sol Plaza,Czech Republic,2012-08-21,1995-01-22
885,Joan,Holmes,jholmesok@newsvine.com,Female,081 Briar Crest Way,China,2013-05-25,1998-12-30
886,Kevin,Jones,kjonesol@macromedia.com,Male,87702 Welch Junction,France,2001-11-11,1994-11-29
887,Daniel,Mills,dmillsom@blog.com,Male,44362 Kinsman Street,Thailand,2002-03-14,1996-03-18
888,Frank,White,fwhiteon@biblegateway.com,Male,8516 Macpherson Road,Argentina,2012-03-23,1992-07-03
889,Bonnie,Taylor,btayloroo@liveinternet.ru,Female,39789 Shoshone Plaza,Palestinian Territory,2010-07-20,1990-12-02
890,Ralph,Ellis,rellisop@joomla.org,Male,268 Manitowish Street,Zambia,2003-04-17,1997-07-23
891,Raymond,Castillo,rcastillooq@live.com,Male,5 Meadow Vale Street,Finland,2001-04-22,1993-06-15
892,Sara,Griffin,sgriffinor@bbb.org,Female,5685 Fremont Way,China,2008-10-05,1992-02-29
893,Phyllis,Thompson,pthompsonos@newsvine.com,Female,55 Mandrake Circle,Russia,2002-07-20,1996-09-17
894,Douglas,Diaz,ddiazot@admin.ch,Male,91 Marcy Terrace,Poland,2013-02-13,1997-02-04
895,Bonnie,Banks,bbanksou@icio.us,Female,3 Ridgeview Place,Finland,2013-09-15,1996-11-10
896,Keith,Garcia,kgarciaov@g.co,Male,11548 John Wall Center,Indonesia,2011-10-25,1993-04-10
897,James,Shaw,jshawow@businesswire.com,Male,9163 Center Circle,Indonesia,2013-04-24,1995-07-17
898,Ernest,Green,egreenox@moonfruit.com,Male,94 Fordem Center,Ethiopia,2012-05-14,1992-10-27
899,Frank,Gomez,fgomezoy@examiner.com,Male,73 Blaine Park,Mayotte,2014-10-27,1998-04-15
900,Ashley,Hudson,ahudsonoz@geocities.com,Female,96495 Veith Point,China,2006-05-09,1993-02-09
901,Diane,Stephens,dstephensp0@xrea.com,Female,1 Becker Alley,Angola,2001-01-12,1994-03-09
902,Walter,Gordon,wgordonp1@blogger.com,Male,32890 Moland Lane,Thailand,2006-03-28,1998-08-12
903,Juan,Johnston,jjohnstonp2@biblegateway.com,Male,18951 Crowley Circle,China,2002-08-23,1998-01-09
904,Gary,Hamilton,ghamiltonp3@amazon.co.uk,Male,1 Clove Place,Indonesia,2008-10-01,1995-10-06
905,Peter,Murray,pmurrayp4@spotify.com,Male,879 Jackson Drive,China,2014-06-05,1991-02-27
906,Catherine,Wallace,cwallacep5@globo.com,Female,73 Fordem Crossing,Japan,2009-08-20,1995-11-27
907,Jeremy,Powell,jpowellp6@i2i.jp,Male,09463 Johnson Terrace,Philippines,2001-04-29,1998-12-22
908,Kevin,Anderson,kandersonp7@flavors.me,Male,6 Evergreen Point,Portugal,2015-04-21,1993-07-12
909,Earl,Gray,egrayp8@pinterest.com,Male,578 Sycamore Place,Philippines,2015-09-21,1992-03-06
910,Lori,Reynolds,lreynoldsp9@paypal.com,Female,231 Merchant Trail,Russia,2009-05-11,1996-10-18
911,Jerry,Dean,jdeanpa@ftc.gov,Male,3557 Judy Plaza,Philippines,2001-03-22,1994-09-13
912,Phyllis,Williams,pwilliamspb@va.gov,Female,28559 Meadow Ridge Crossing,Portugal,2007-03-29,1991-06-01
913,Teresa,Gibson,tgibsonpc@freewebs.com,Female,08850 Ryan Plaza,Czech Republic,2002-05-16,1996-06-10
914,Catherine,Andrews,candrewspd@bloglovin.com,Female,2 Londonderry Crossing,Sweden,2011-08-16,1999-01-01
915,Lisa,Hill,lhillpe@paypal.com,Female,495 Fordem Alley,Ukraine,2015-03-13,1999-06-20
916,Irene,Thompson,ithompsonpf@phpbb.com,Female,535 Elgar Avenue,China,2014-05-19,1997-09-23
917,Stephen,Powell,spowellpg@cdbaby.com,Male,49282 Miller Pass,China,2000-12-09,1998-01-09
918,Anthony,Hill,ahillph@people.com.cn,Male,8 Trailsway Park,Japan,2009-12-29,1992-11-08
919,Paul,Palmer,ppalmerpi@gmpg.org,Male,60 Charing Cross Place,China,2014-07-22,1999-01-27
920,Rebecca,Ward,rwardpj@dion.ne.jp,Female,1299 Eastlawn Circle,France,2010-12-16,1995-12-20
921,Alan,Kennedy,akennedypk@51.la,Male,478 Northport Hill,Portugal,2012-07-26,1996-05-10
922,Virginia,Riley,vrileypl@vkontakte.ru,Female,5 Eastlawn Alley,Indonesia,2010-07-28,1995-02-27
923,Judith,Long,jlongpm@google.ca,Female,23337 Meadow Ridge Place,Russia,2004-11-15,1993-07-09
924,Debra,Smith,dsmithpn@smugmug.com,Female,7 Eagan Junction,Czech Republic,2014-07-16,1995-04-19
925,Phyllis,Brooks,pbrookspo@tuttocitta.it,Female,60589 Cordelia Center,Greece,2014-02-14,1993-11-07
926,Susan,Nguyen,snguyenpp@ucoz.ru,Female,32168 Linden Lane,Poland,2011-04-19,1996-03-16
927,Betty,Gomez,bgomezpq@spotify.com,Female,74 Anniversary Hill,Indonesia,2001-04-15,1994-08-11
928,Ralph,Morales,rmoralespr@sun.com,Male,5 Novick Place,Indonesia,2003-07-02,1995-09-30
929,Nancy,Thomas,nthomasps@delicious.com,Female,01706 Corben Parkway,Indonesia,2001-05-27,1994-04-26
930,Lawrence,Johnson,ljohnsonpt@amazon.com,Male,57306 Dovetail Street,American Samoa,2008-04-08,1990-10-19
931,Sharon,Nelson,snelsonpu@ted.com,Female,527 Merchant Court,Sweden,2015-03-03,1994-02-12
932,John,Rogers,jrogerspv@dell.com,Male,643 Fairfield Plaza,Philippines,2007-03-27,1996-03-07
933,Bruce,Pierce,bpiercepw@xinhuanet.com,Male,016 Pierstorff Street,China,2014-05-25,1994-08-28
934,Joseph,Fox,jfoxpx@com.com,Male,69 Colorado Way,United States,2010-08-20,1992-02-25
935,Ann,Wheeler,awheelerpy@squarespace.com,Female,85773 Portage Plaza,Russia,2009-07-20,1999-01-06
936,Sara,Gibson,sgibsonpz@stanford.edu,Female,6255 Arapahoe Hill,Greece,2003-09-26,1993-01-26
937,Doris,Rose,droseq0@reddit.com,Female,818 Springview Drive,Philippines,2015-11-03,1996-07-16
938,Mildred,Gilbert,mgilbertq1@amazon.co.uk,Female,2023 Lakewood Gardens Plaza,Russia,2005-11-27,1996-01-17
939,Nicholas,Gutierrez,ngutierrezq2@techcrunch.com,Male,0148 Lotheville Point,Philippines,2014-06-18,1990-11-26
940,David,Ferguson,dfergusonq3@barnesandnoble.com,Male,054 Debs Parkway,China,2005-01-29,1996-06-22
941,Cheryl,Bell,cbellq4@qq.com,Female,397 Russell Street,China,2012-08-12,1997-11-16
942,Jack,Montgomery,jmontgomeryq5@skype.com,Male,7077 Mcbride Road,Russia,2004-04-30,1993-03-19
943,Doris,Bell,dbellq6@mozilla.com,Female,5 Roth Circle,France,2013-05-01,1995-12-27
944,Harold,Jordan,hjordanq7@dailymotion.com,Male,54346 Barby Point,Greece,2007-05-25,1999-08-08
945,Julia,Morales,jmoralesq8@sogou.com,Female,6971 Clarendon Point,Portugal,2005-12-01,1995-01-20
946,Sarah,Knight,sknightq9@utexas.edu,Female,97 Shoshone Hill,Argentina,2014-09-30,1992-08-31
947,Michelle,Olson,molsonqa@spotify.com,Female,39627 Mitchell Place,Czech Republic,2004-09-17,1997-09-07
948,Harold,Henderson,hhendersonqb@bigcartel.com,Male,59579 Maple Wood Parkway,Argentina,2007-03-23,1999-05-03
949,Lisa,Hill,lhillqc@shareasale.com,Female,1504 8th Plaza,Poland,2013-09-03,1996-07-10
950,Daniel,Davis,ddavisqd@behance.net,Male,3943 Warbler Pass,Russia,2010-01-13,1990-11-07
951,Judy,Sims,jsimsqe@aboutads.info,Female,0858 Superior Court,Indonesia,2011-03-06,1992-09-01
952,Anna,Andrews,aandrewsqf@prnewswire.com,Female,0963 Raven Drive,Indonesia,2007-02-20,1992-03-16
953,Steve,Foster,sfosterqg@lycos.com,Male,627 Daystar Junction,Mongolia,2002-01-09,1993-08-12
954,Raymond,Johnson,rjohnsonqh@deliciousdays.com,Male,44234 Dryden Junction,China,2003-02-03,1994-12-29
955,Sharon,Reyes,sreyesqi@hibu.com,Female,267 Summerview Drive,China,2003-07-24,1991-07-13
956,Donald,Mitchell,dmitchellqj@acquirethisname.com,Male,804 Butternut Court,Russia,2007-06-07,1998-09-26
957,Carl,Kelly,ckellyqk@nih.gov,Male,8336 Badeau Circle,France,2013-05-27,1999-05-01
958,Michael,Cox,mcoxql@cbsnews.com,Male,4200 Lukken Lane,Japan,2009-10-09,1993-03-24
959,Kathleen,Fuller,kfullerqm@theatlantic.com,Female,714 Dennis Plaza,Russia,2012-01-31,1999-08-03
960,Anna,Henderson,ahendersonqn@altervista.org,Female,73294 Debra Center,Peru,2014-10-21,1991-12-30
961,Ronald,Murray,rmurrayqo@globo.com,Male,68751 Eliot Avenue,Brazil,2014-12-18,1996-06-11
962,Craig,Alvarez,calvarezqp@51.la,Male,6467 Mallory Road,China,2012-04-29,1995-09-18
963,Diana,Franklin,dfranklinqq@photobucket.com,Female,53946 Talisman Alley,Portugal,2014-10-27,1995-12-31
964,Michael,Martinez,mmartinezqr@fc2.com,Male,2 Riverside Avenue,Poland,2016-07-14,1994-01-30
965,Anna,Richards,arichardsqs@reuters.com,Female,70 Springview Circle,Indonesia,2004-07-09,1991-02-28
966,Jimmy,Stewart,jstewartqt@xing.com,Male,03 Continental Pass,France,2001-09-15,1996-04-19
967,Melissa,Mason,mmasonqu@list-manage.com,Female,94554 Rigney Terrace,Indonesia,2001-08-13,1999-01-08
968,Jeremy,Thompson,jthompsonqv@wikia.com,Male,83 Fairview Park,United States,2006-04-13,1992-03-29
969,Judy,Dunn,jdunnqw@webeden.co.uk,Female,30 Upham Street,Poland,2014-03-29,1990-11-19
970,Michael,Boyd,mboydqx@tinypic.com,Male,84 Ronald Regan Trail,New Zealand,2005-06-12,1994-06-02
971,Anna,Green,agreenqy@elpais.com,Female,7 Riverside Court,Brazil,2002-12-21,1997-02-12
972,Debra,Chapman,dchapmanqz@blog.com,Female,845 Cherokee Way,China,2011-09-16,1993-04-28
973,Jeremy,Edwards,jedwardsr0@typepad.com,Male,1 Swallow Circle,Taiwan,2005-02-05,1993-05-31
974,Stephanie,Flores,sfloresr1@geocities.jp,Female,23320 Sutherland Road,Bosnia and Herzegovina,2003-06-28,1999-04-02
975,Martin,Wilson,mwilsonr2@xinhuanet.com,Male,341 Lake View Hill,Cambodia,2001-10-02,1999-04-12
976,Jimmy,Walker,jwalkerr3@independent.co.uk,Male,8 Mitchell Trail,Poland,2006-07-27,1991-09-21
977,Jessica,Morgan,jmorganr4@hao123.com,Female,0200 4th Plaza,Japan,2014-12-25,1997-11-05
978,Sandra,Alvarez,salvarezr5@sun.com,Female,4 Continental Road,Ukraine,2014-01-05,1994-07-10
979,Dennis,Lopez,dlopezr6@globo.com,Male,5319 Arrowood Junction,Croatia,2012-02-13,1998-12-13
980,Thomas,Johnston,tjohnstonr7@sun.com,Male,250 Straubel Street,Brazil,2014-03-20,1996-05-20
981,Jean,Henderson,jhendersonr8@sciencedaily.com,Female,6 Dawn Trail,Russia,2011-11-27,1995-12-23
982,Andrea,Franklin,afranklinr9@dailymotion.com,Female,53 Warner Place,Japan,2004-12-23,1998-12-28
983,Gerald,Kim,gkimra@domainmarket.com,Male,1 Maple Alley,Russia,2015-10-14,1995-11-09
984,Roy,Crawford,rcrawfordrb@dagondesign.com,Male,8 Tennyson Road,Indonesia,2013-10-23,1998-11-06
985,Julia,Jacobs,jjacobsrc@smh.com.au,Female,9 Spohn Junction,Nicaragua,2011-04-12,1997-08-08
986,Diane,Howell,dhowellrd@blogtalkradio.com,Female,9 Forest Run Point,China,2011-08-02,1996-04-06
987,Edward,Fernandez,efernandezre@narod.ru,Male,99 Arrowood Plaza,Colombia,2008-12-14,1998-02-23
988,Kathleen,Owens,kowensrf@eventbrite.com,Female,6755 Mendota Lane,Turkmenistan,2001-07-30,1994-02-17
989,Shirley,Baker,sbakerrg@cornell.edu,Female,9020 Division Park,South Africa,2005-03-04,1999-04-05
990,Judith,Perry,jperryrh@t.co,Female,67163 Merry Place,Uzbekistan,2013-06-10,1992-03-07
991,Philip,Alvarez,palvarezri@skyrock.com,Male,57711 Lukken Drive,China,2013-12-25,1992-12-22
992,Bobby,Alvarez,balvarezrj@freewebs.com,Male,110 Goodland Court,Ghana,2012-02-01,1995-07-28
993,Nicholas,Scott,nscottrk@blogspot.com,Male,86 Gina Pass,Cuba,2016-04-03,1999-05-10
994,Ronald,Miller,rmillerrl@amazon.de,Male,7938 Merrick Hill,China,2003-07-22,1991-03-30
995,Linda,Cruz,lcruzrm@nyu.edu,Female,5 Marcy Road,Thailand,2012-10-03,1996-08-12
996,Matthew,Tucker,mtuckerrn@shop-pro.jp,Male,9328 Carpenter Drive,Indonesia,2002-10-10,1997-02-05
997,Virginia,Parker,vparkerro@nsw.gov.au,Female,2 Hazelcrest Trail,Indonesia,2008-05-31,1999-08-01
998,Phyllis,Wagner,pwagnerrp@vimeo.com,Female,503 Corscot Road,Norway,2005-08-27,1991-02-04
999,William,Hansen,whansenrq@shinystat.com,Male,446 Northwestern Point,Canada,2011-01-08,1997-06-12
1000,Jose,Lawson,jlawsonrr@google.com.au,Male,87979 Tomscot Park,Georgia,2010-01-17,1995-06-18
